,id,player,team,position,age,exp,pos,avg_type,points,pos_rank,drop_off,sd_pts,floor,ceiling,tier,points_vor,rank,floor_vor,floor_rank,ceiling_vor,ceiling_rank,espn_names,espn_id,picked,blacklist,Name,Pos,Team,Bye,%,pick,espnid,probpicked,pbest,emaxw,emax,opp,oc
128,13130,Christian McCaffrey,CAR,RB,24.0,3,RB,weighted,301.018094875213,1.0,30.1261216017955,32.0461836620752,270.85,347.92091286947897,1.0,184.68761085913602,1.0,170.874333333333,1.0,208.283524453884,1.0,Christian McCaffrey,3117251,False,False,Christian McCaffrey,RB,CAR,13.0,0.0,23.0,3117251,1.0,1.0,0.0,0.0,186.81474004962547,114.20335482558755
159,13604,Saquon Barkley,NYG,RB,23.0,2,RB,weighted,274.640348462198,2.0,13.1940466444784,46.513081278392,243.5,345.943601109999,1.0,158.309864446121,2.0,143.524333333333,3.0,206.306212694404,2.0,Saquon Barkley,3929630,False,False,Saquon Barkley,RB,NYG,11.0,0.0,23.0,3929630,1.0,1.0,0.0,0.0,186.81474004962547,87.82560841257254
110,12625,Ezekiel Elliott,DAL,RB,25.0,4,RB,weighted,267.143598084636,3.0,14.9146123077611,39.4398286563296,244.9,330.059824962179,1.0,150.81311406856,3.0,144.924333333333,2.0,190.422436546584,3.0,Ezekiel Elliott,3051392,False,False,Ezekiel Elliott,RB,DAL,10.0,0.0,23.0,3051392,1.0,1.0,0.0,0.0,186.81474004962547,80.32885803501051
111,12626,Derrick Henry,TEN,RB,26.0,4,RB,weighted,255.749005550803,4.0,15.9581548544886,17.9998356802829,240.6,283.062724056945,2.0,139.418521534726,4.0,140.624333333333,4.0,143.42533564135098,6.0,Derrick Henry,3043078,False,False,Derrick Henry,RB,TEN,7.0,0.0,23.0,3043078,1.0,1.0,0.0,0.0,186.81474004962547,68.93426550117752
126,13128,Dalvin Cook,MIN,RB,25.0,3,RB,weighted,248.708966002948,5.0,19.9025885845698,22.824336068466703,230.4,285.078585899246,2.0,132.378481986871,5.0,130.424333333333,5.0,145.441197483651,5.0,Dalvin Cook,3116593,False,False,Dalvin Cook,RB,MIN,7.0,0.0,23.0,3116593,1.0,1.0,0.0,0.0,186.81474004962547,61.89422595332252
130,13132,Alvin Kamara,NOS,RB,25.0,3,RB,weighted,230.87273538968103,6.0,5.222249597742519,32.9655365648016,210.3,280.853468099277,3.0,114.54225137360399,6.0,110.324333333333,7.0,141.216079683682,7.0,Alvin Kamara,3054850,False,False,Alvin Kamara,RB,NO,6.0,0.0,23.0,3054850,1.0,1.0,0.0,0.0,186.81474004962547,44.057995340055555
149,13319,Aaron Jones,GBP,RB,26.0,3,RB,weighted,226.740019447075,7.0,3.48985538557858,38.669367925093,188.7,280.32096368983997,3.0,110.409535430998,7.0,88.7243333333333,13.0,140.683575274245,8.0,Aaron Jones,3042519,False,False,Aaron Jones,RB,GB,5.0,0.008,23.0,3042519,0.992,0.999,0.007992,1.8121062354210238,186.81474004962547,39.60587716226995
191,14073,Josh Jacobs,LVR,RB,22.0,1,RB,weighted,224.560952136801,8.0,3.4089463937062003,42.4711234619105,194.9,289.786906222908,3.0,108.230468120725,8.0,94.92433333333331,10.0,150.149517807313,4.0,Josh Jacobs,4047365,False,False,Josh Jacobs,RB,LV,6.0,0.0,23.0,4047365,1.0,1.0,0.0,0.0,186.81474004962547,37.746212087175536
222,14803,Clyde Edwards-Helaire,KCC,RB,21.0,0,RB,weighted,221.93937598619098,9.0,2.6247219433909903,29.1062854946025,209.0,265.930604620946,3.0,105.608891970115,9.0,109.02433333333299,8.0,126.29321620535102,11.0,Clyde Edwards-Helaire,4242214,False,False,Clyde Edwards-Helaire,RB,KC,10.0,0.0,23.0,4242214,1.0,1.0,0.0,0.0,186.81474004962547,35.12463593656551
158,13593,Lamar Jackson,BAL,QB,23.0,2,QB,weighted,365.600993194367,1.0,29.797128683278103,10.085739547788199,361.0,382.25599991351896,1.0,102.070879051629,11.0,117.226666666667,6.0,85.6924726325914,19.0,Lamar Jackson,3916387,False,False,Lamar Jackson,QB,BAL,8.0,0.193,23.0,3916387,0.8069999999999999,0.998,0.192614,70.41986970313981,323.9316311342715,33.62717518249704
116,12652,Michael Thomas,NOS,WR,27.0,4,WR,weighted,206.553950093925,1.0,12.0121056467785,13.5933644862022,188.93900000000002,225.154768683274,1.0,80.01780060776571,17.0,83.2056666666667,16.0,83.23597929472659,20.0,Michael Thomas,2976316,False,False,Michael Thomas,WR,NO,6.0,0.0,23.0,2976316,1.0,1.0,0.0,0.0,172.94657087132694,33.60737922259807
162,13610,Nick Chubb,CLE,RB,25.0,2,RB,weighted,220.364635499999,10.0,4.10230644276947,32.946640243961,194.0,271.020762198361,3.0,104.034151483922,10.0,94.0243333333333,11.0,131.383373782766,9.0,Nick Chubb,3128720,False,False,Nick Chubb,RB,CLE,9.0,0.0,23.0,3128720,1.0,1.0,0.0,0.0,186.81474004962547,33.549895450373526
129,13131,Joe Mixon,CIN,RB,24.0,3,RB,weighted,218.264672585602,11.0,7.07773422954045,29.736869760555,198.4,267.12523728953096,3.0,101.93418856952499,12.0,98.42433333333331,9.0,127.487848873937,10.0,Joe Mixon,3116385,False,False,Joe Mixon,RB,CIN,9.0,0.0,23.0,3116385,1.0,1.0,0.0,0.0,186.81474004962547,31.44993253597653
125,13116,Patrick Mahomes,KCC,QB,25.0,3,QB,weighted,352.036837891683,2.0,35.2628762784054,15.1652504287715,336.18,374.62525767779505,2.0,88.5067237489448,15.0,92.4066666666667,12.0,78.06173039686671,23.0,Patrick Mahomes,3139477,False,False,Pat Mahomes,QB,KC,10.0,0.002,23.0,3139477,0.998,1.0,0.002,0.704073675783366,323.9316311342715,28.04899634389663
193,14079,Miles Sanders,PHI,RB,23.0,1,RB,weighted,214.25998552885702,12.0,10.552709222554,28.5123854585954,188.7,255.64532231396402,3.0,97.9295015127804,13.0,88.7243333333333,14.0,116.00793389837,13.0,Miles Sanders,4045163,False,False,Miles Sanders,RB,PHI,9.0,0.001,23.0,4045163,0.999,1.0,0.001,0.21425998552885703,186.81474004962547,27.417800233752313
81,11675,Davante Adams,GBP,WR,28.0,6,WR,weighted,197.347168932949,2.0,8.38538342033772,5.087043378976889,192.696,204.98944767441898,2.0,70.81101944679,21.0,86.96266666666669,15.0,63.070658285871204,29.0,Davante Adams,16800,False,False,Davante Adams,WR,GB,5.0,0.003,23.0,16800,0.997,1.0,0.003,0.5920415067988469,172.94657087132694,24.327396267437184
112,12630,Kenyan Drake,ARI,RB,26.0,4,RB,weighted,208.113891183266,13.0,10.9845992123192,25.1871190718078,178.7,243.49813423141498,3.0,91.78340716718951,14.0,78.7243333333333,17.0,103.86074581581998,16.0,Kenyan Drake,2979843,False,False,Kenyan Drake,RB,ARI,8.0,0.0,23.0,2979843,1.0,1.0,0.0,0.0,186.81474004962547,21.29915113364052
121,12801,Tyreek Hill,KCC,WR,26.0,4,WR,weighted,191.736519961344,3.0,10.8942506016525,17.9949056326658,167.4,214.236565836299,2.0,65.2003704751846,23.0,61.6666666666667,26.0,72.3177764477516,25.0,Tyreek Hill,3116406,False,False,Tyreek Hill,WR,KC,10.0,0.018000000000000002,23.0,3116406,0.982,0.997,0.017946000000000004,3.44090358722628,172.94657087132694,18.45173000639674
52,10271,Julio Jones,ATL,WR,31.0,9,WR,weighted,186.187051063879,4.0,11.4059184037125,7.096719193366491,174.56400000000002,193.69446619217098,3.0,59.65090157771979,26.0,68.8306666666667,21.0,51.7756768036234,36.0,Julio Jones,13982,False,False,Julio Jones,WR,ATL,10.0,0.11199999999999999,23.0,13982,0.888,0.979054,0.10965404799999999,20.416163834337038,172.94657087132694,11.757546410986238
155,13404,Austin Ekeler,LAC,RB,25.0,3,RB,weighted,194.87100967256902,16.0,12.2314322070507,19.2395957189673,174.0,222.727828068074,4.0,78.5405256564921,19.0,74.0243333333333,19.0,83.0904396524797,21.0,Austin Ekeler,3068267,False,False,Austin Ekeler,RB,LAC,10.0,0.04,23.0,3068267,0.96,0.991008,0.03964032,7.724749182143731,186.81474004962547,7.734018838025804
70,11244,Travis Kelce,KCC,TE,31.0,7,TE,weighted,171.021473521956,1.0,29.0160517429422,10.6702585029879,157.5,182.814272727273,1.0,76.6025882004341,20.0,75.9666666666667,18.0,72.150953806229,26.0,Travis Kelce,15847,False,False,Travis Kelce,TE,KC,10.0,0.41600000000000004,23.0,15847,0.584,1.0,0.41600000000000004,71.1449329851337,158.48911069098426,7.318899893287501
152,13364,Chris Carson,SEA,RB,26.0,3,RB,weighted,194.957922512554,15.0,5.54400211237791,34.6986062149969,166.2,247.96543014455298,3.0,78.627438496477,18.0,66.2243333333333,22.0,108.328041728958,14.0,Chris Carson,3919596,False,False,Chris Carson,RB,SEA,6.0,0.679,23.0,3919596,0.32099999999999995,0.3272704819200001,0.22221665722368006,43.32289784001299,186.81474004962547,2.6139615706000594
69,11232,DeAndre Hopkins,ARI,WR,28.0,7,WR,weighted,174.06477766483002,6.0,5.889288030071159,18.040149157151802,162.5,201.649181818182,4.0,47.528628178670104,38.0,56.7666666666667,28.0,59.7303924296344,30.0,DeAndre Hopkins,15795,False,False,DeAndre Hopkins,WR,ARI,8.0,0.32,23.0,15795,0.6799999999999999,0.869399952,0.27820798464,48.426210990942046,172.94657087132694,0.7603806195820925
92,12150,Todd Gurley,ATL,RB,26.0,5,RB,weighted,199.30066142933998,14.0,4.38619533677885,31.7949075927037,166.1,246.60254090823298,3.0,82.9701774132634,16.0,66.1243333333333,23.0,106.965152492638,15.0,Todd Gurley II,2977644,False,False,Todd Gurley,RB,ATL,10.0,0.9790000000000001,23.0,2977644,0.020999999999999908,0.00021935238596591656,0.00021474598586063232,0.04279901702131971,186.81474004962547,0.2622043489740036
145,13277,Kenny Golladay,DET,WR,27.0,3,WR,weighted,175.497487655504,5.0,4.14979877830348,13.676753248589598,161.4,194.715636363636,4.0,48.9613381693445,34.0,55.6666666666667,29.0,52.796846975089,34.0,Kenny Golladay,2974858,False,False,Kenny Golladay,WR,DET,5.0,0.907,23.0,2974858,0.09299999999999997,0.12887984888447995,0.11689402293822332,20.514607347603047,172.94657087132694,0.23723526092846536
223,14832,CeeDee Lamb,DAL,WR,21.0,0,WR,weighted,107.197690065744,49.0,0.6931748369302819,24.9552654134043,81.5,141.026459074733,8.0,-19.338459420415603,176.0,-24.233333333333302,189.0,-0.8923303138143129,108.0,CeeDee Lamb,4241389,False,False,CeeDee Lamb,WR,DAL,10.0,1.0,23.0,4241389,0.0,0.0,0.0,0.0,172.94657087132694,-0.0
150,13347,Zane Gonzalez,ARI,K,25.0,3,K,weighted,102.460284979099,20.0,0.7671787008028449,20.9611047707201,72.1664396588052,121.04845126485701,1.0,-8.21875252739142,137.0,-19.573501994973,171.0,-10.5490306913591,150.0,Zane Gonzalez,3043234,False,False,Zane Gonzalez,PK,ARI,8.0,1.0,23.0,3043234,0.0,0.0,0.0,0.0,101.308295097445,0.0
141,13189,Evan Engram,NYG,TE,26.0,3,TE,weighted,105.627887476524,7.0,2.91342907263969,10.454373019353499,94.1,117.672525,5.0,11.2090021550024,81.0,12.566666666666698,75.0,7.00920607895625,89.0,Evan Engram,3051876,False,False,Evan Engram,TE,NYG,11.0,1.0,23.0,3051876,0.0,0.0,0.0,0.0,158.48911069098426,-0.0
10,511,Denver Broncos,DEN,DST,,50,DST,weighted,100.470537252833,15.0,1.62436459391317,7.628982156440999,90.0,105.24817877907,10.0,-17.333663221927,171.0,-5.0,119.0,-27.4745465116279,213.0,Broncos D/ST,den,False,False,Denver Defense,DEF,DEN,8.0,1.0,23.0,den,0.0,0.0,0.0,0.0,100.72323169214,-0.0
169,13632,Allen Lazard,GBP,WR,25.0,2,WR,weighted,103.87682744318501,56.0,2.19094778813104,17.347727205673802,91.6,127.440871886121,9.0,-22.659322042974402,197.0,-14.1333333333333,148.0,-14.4779175024264,162.0,Allen Lazard,3128390,False,False,Allen Lazard,WR,GB,5.0,1.0,23.0,3128390,0.0,0.0,0.0,0.0,172.94657087132694,-0.0
122,12930,Robby Anderson,CAR,WR,27.0,4,WR,weighted,103.894021966763,55.0,0.329946119451833,22.4620100485354,79.4,135.052818181818,8.0,-22.642127519396702,196.0,-26.3333333333333,196.0,-6.8659712067292,135.0,Robby Anderson,2574808,False,False,,,,,1.0,,,0.0,0.0,0.0,0.0,172.94657087132694,-0.0
7,508,Tennessee Titans,TEN,DST,,50,DST,weighted,104.09326281704399,12.0,1.9642305891809602,14.521987335264402,79.0,110.632431192661,8.0,-13.710937657716801,161.0,-16.0,157.0,-22.0902940980371,197.0,Titans D/ST,ten,False,False,,,,,1.0,,,0.0,0.0,0.0,0.0,100.72323169214,0.0
6,507,Cleveland Browns,CLE,DST,,50,DST,weighted,97.10211900537321,18.0,0.71765039985776,16.2077678887295,80.0,110.686702034884,11.0,-20.702081469387103,186.0,-15.0,152.0,-22.036023255813898,196.0,Browns D/ST,cle,False,False,,,,,1.0,,,0.0,0.0,0.0,0.0,100.72323169214,-0.0
42,9075,DeSean Jackson,PHI,WR,34.0,12,WR,weighted,104.06561958278,54.0,0.180194877806173,23.713103010356303,67.6,129.614270462633,8.0,-22.470529903379397,193.0,-38.1333333333333,227.0,-12.304518925914,153.0,DeSean Jackson,11283,False,False,DeSean Jackson,WR,PHI,9.0,1.0,23.0,11283,0.0,1.7259589362605725e-12,1.7259589362605725e-12,1.7961298607639237e-10,172.94657087132694,-0.0
185,13980,Mike Badgley,LAC,K,25.0,2,K,weighted,101.308295097445,23.0,3.71382727188389,27.646194148361698,65.2391139542769,125.989621863095,2.0,-9.37074240904541,145.0,-26.5008276995013,197.0,-5.60786009312137,130.0,Michael Badgley,3123052,False,False,,,,,1.0,,,0.0,1.0,1.0,101.308295097445,101.308295097445,0.0
17,518,Philadelphia Eagles,PHI,DST,,50,DST,weighted,100.72323169214,14.0,0.6448562224366869,13.4090545425928,82.0,110.628995639535,9.0,-17.080968782620598,170.0,-13.0,145.0,-22.0937296511628,198.0,Eagles D/ST,phi,False,False,Philadelphia Defense,DEF,PHI,9.0,1.0,23.0,phi,0.0,1.0,1.0,100.72323169214,100.72323169214,0.0
119,12677,Austin Hooper,CLE,TE,26.0,4,TE,weighted,95.95487041041099,12.0,2.30397763333364,11.2554265502487,82.5,108.60064056939501,5.0,1.53598508888909,99.0,0.9666666666666691,103.0,-2.06267835164874,118.0,Austin Hooper,3043275,False,False,Austin Hooper,TE,CLE,9.0,1.0,23.0,3043275,0.0,0.0,0.0,0.0,158.48911069098426,-0.0
118,12676,Hunter Henry,LAC,TE,26.0,4,TE,weighted,99.86588602525342,10.0,2.65491980643218,14.046049031305401,85.6,119.535363636364,5.0,5.4470007037315,92.0,4.06666666666666,92.0,8.872044715319891,86.0,Hunter Henry,3046439,False,False,Hunter Henry,TE,LAC,10.0,1.0,23.0,3046439,0.0,7.767199999999145e-05,7.767199999999145e-05,0.007756783099352629,158.48911069098426,-0.0
120,12678,Tyler Higbee,LAR,TE,27.0,4,TE,weighted,100.001580433686,9.0,0.8351064074439021,21.114974753171,80.6,130.850836298932,5.0,5.582695112164441,91.0,-0.933333333333323,109.0,20.1875173778886,69.0,Tyler Higbee,2573401,False,False,Tyler Higbee,TE,LAR,9.0,1.0,23.0,2573401,0.0,0.0,0.0,0.0,158.48911069098426,-0.0
4,505,New York Jets,NYJ,DST,,50,DST,weighted,99.6862136865728,16.0,2.1320883682525102,6.122022402781991,85.0,98.22117587209299,11.0,-18.117986788187498,174.0,-10.0,131.0,-34.5015494186047,240.0,Jets D/ST,nyj,False,False,,,,,1.0,,,0.0,0.0,0.0,0.0,100.72323169214,-0.0
180,13680,Hayden Hurst,ATL,TE,27.0,2,TE,weighted,98.4670620272315,11.0,2.5282766781956,9.59321847959752,83.0,109.60064056939501,5.0,4.04817670570957,94.0,1.46666666666667,98.0,-1.06267835164874,111.0,Hayden Hurst,3924365,False,False,Hayden Hurst,TE,ATL,10.0,1.0,23.0,3924365,0.0,0.0,0.0,0.0,158.48911069098426,-0.0
20,521,Chicago Bears,CHI,DST,,50,DST,weighted,98.00613163126751,17.0,1.12840292716412,7.77071789446126,86.4,101.75590552325599,11.0,-19.7980688434929,178.0,-8.59999999999999,129.0,-30.966819767441898,226.0,Bears D/ST,chi,False,False,Chicago Defense,DEF,CHI,11.0,1.0,23.0,chi,0.0,0.0,0.0,0.0,100.72323169214,-0.0
95,12157,Duke Johnson,HOU,RB,27.0,5,RB,weighted,96.8744448614505,43.0,2.42920357538127,13.934817150098699,76.649,111.96848623853201,8.0,-19.4560391546262,177.0,-23.3266666666667,184.0,-27.668902177062602,214.0,Duke Johnson,2969962,False,False,,,,,1.0,,,0.0,2.2110720505361354e-15,2.2110720505361354e-15,2.1419637744435714e-13,186.81474004962547,-0.0
99,12184,Jamison Crowder,NYJ,WR,27.0,5,WR,weighted,107.305004201688,48.0,0.37570317057596003,10.2474504525423,94.26,117.930405232558,8.0,-19.2311452844718,175.0,-11.4733333333333,139.0,-23.988384155989298,203.0,Jamison Crowder,2576716,False,False,Jamison Crowder,WR,NYJ,11.0,1.0,23.0,2576716,0.0,0.0,0.0,0.0,172.94657087132694,-0.0
19,520,Washington FootballTeam,WAS,DST,,50,DST,weighted,96.6533384028334,19.0,0.93593008098162,22.9406720640192,71.0,118.377255813953,11.0,-21.1508620719269,187.0,-24.0,188.0,-14.3454694767442,161.0,Washington D/ST,wsh,False,False,,,,,1.0,,,0.0,0.0,0.0,0.0,100.72323169214,-0.0
26,527,Carolina Panthers,CAR,DST,,50,DST,weighted,96.1155988081975,20.0,1.05507063688276,22.1504113711546,69.0,115.76951744186,11.0,-21.6886016665629,190.0,-26.0,194.0,-16.9532078488372,177.0,Panthers D/ST,car,False,False,,,,,1.0,,,0.0,0.0,0.0,0.0,100.72323169214,-0.0
224,14833,Jerry Jeudy,DEN,WR,21.0,0,WR,weighted,106.66091199648001,50.0,0.514641658034222,19.955625982641603,86.7,133.635925266904,8.0,-19.8752374896798,179.0,-19.033333333333303,169.0,-8.28286412164348,140.0,Jerry Jeudy,4241463,False,False,Jerry Jeudy,WR,DEN,8.0,1.0,23.0,4241463,0.0,0.0,0.0,0.0,172.94657087132694,-0.0
207,14137,Noah Fant,DEN,TE,23.0,1,TE,weighted,95.92270028766069,13.0,5.20083347344136,11.8660985531013,82.605,109.98515249266899,5.0,1.5038149661388303,100.0,1.07166666666667,102.0,-0.6781664283751351,106.0,Noah Fant,4036131,False,False,Noah Fant,TE,DEN,8.0,1.0,23.0,4036131,0.0,0.0,0.0,0.0,158.48911069098426,-0.0
11,512,Kansas City Chiefs,KCC,DST,,50,DST,weighted,107.191811980919,10.0,1.9337874189622097,14.154735185690999,84.0,115.50011627907,6.0,-10.6123884938418,149.0,-11.0,137.0,-17.2226090116279,179.0,Chiefs D/ST,kc,False,False,Kansas City Defense,DEF,KC,10.0,1.0,23.0,kc,0.0,0.0,0.0,0.0,100.72323169214,0.0
89,11936,Chris Boswell,PIT,K,31.0,6,K,weighted,102.475970378247,19.0,0.315549686704514,25.6734920719868,70.353712036038,129.514471869784,1.0,-8.20306712824384,136.0,-21.3862296177402,175.0,-2.08301008643232,119.0,Chris Boswell,17372,False,False,,,,,1.0,,,0.0,0.0,0.0,0.0,101.308295097445,0.0
40,8742,Mason Crosby,GBP,K,36.0,13,K,weighted,106.564496949674,13.0,1.05860532254736,23.7396572975089,79.1243866575238,134.10886718465,1.0,-4.11454055681669,119.0,-12.615554996254401,144.0,2.51138522843419,97.0,Mason Crosby,10636,False,False,,,,,1.0,,,0.0,0.0,0.0,0.0,101.308295097445,0.0
91,11947,Brandon McManus,DEN,K,29.0,6,K,weighted,103.18829614397801,18.0,0.7201684653046949,21.482520995698298,76.7845638481102,122.052025726744,1.0,-7.49074136251294,133.0,-14.9553778056681,151.0,-9.54545622947175,147.0,Brandon McManus,16339,False,False,,,,,1.0,,,0.0,0.0,0.0,0.0,101.308295097445,0.0
172,13639,Anthony Miller,CHI,WR,26.0,2,WR,weighted,108.826672166215,47.0,1.5753250324987098,12.5227036150343,99.1,127.343220640569,8.0,-17.709477319944998,173.0,-6.63333333333333,125.0,-14.575568747978,166.0,Anthony Miller,3050487,False,False,Anthony Miller,WR,CHI,11.0,1.0,23.0,3050487,0.0,0.0,0.0,0.0,172.94657087132694,-0.0
154,13403,Younghoe Koo,ATL,K,26.0,3,K,weighted,107.52991426040501,10.0,0.560110005116499,29.773056254268397,73.0172945841123,135.542534627796,1.0,-3.1491232460856495,114.0,-18.7226470696659,166.0,3.9450526715795897,95.0,Younghoe Koo,3049899,False,False,Younghoe Koo,PK,ATL,10.0,1.0,23.0,3049899,0.0,0.0,0.0,0.0,101.308295097445,0.0
146,13290,Tarik Cohen,CHI,RB,25.0,3,RB,weighted,107.851138230544,41.0,7.08751549972968,10.523487517117198,100.8,124.610697674419,7.0,-8.47934578553262,139.0,0.824333333333342,104.0,-15.0266907411761,169.0,Tarik Cohen,3066158,False,False,Tarik Cohen,RB,CHI,11.0,1.0,23.0,3066158,0.0,0.0,0.0,0.0,186.81474004962547,-0.0
37,8153,Robbie Gould,SFO,K,38.0,15,K,weighted,112.924409756605,7.0,3.36805837517197,34.0781652984073,70.3115059162195,142.48844782147498,1.0,2.24537225011464,97.0,-21.428435737558697,176.0,10.890965865259199,84.0,Robbie Gould,9354,False,False,Robbie Gould,PK,SF,11.0,1.0,23.0,9354,0.0,0.0,0.0,0.0,101.308295097445,0.0
194,14080,Devin Singletary,BUF,RB,23.0,1,RB,weighted,163.992242941897,25.0,13.2012056867201,46.557432163231,126.37799999999999,231.849135338365,5.0,47.661758925819996,37.0,26.402333333333303,61.0,92.2117469227701,18.0,Devin Singletary,4040761,False,False,Devin Singletary,RB,BUF,11.0,1.0,23.0,4040761,0.0,0.0,0.0,0.0,186.81474004962547,-0.0
176,13672,Mike Gesicki,MIA,TE,25.0,2,TE,weighted,91.379085266494,14.0,1.9500021344373601,13.0538700881929,78.4,111.165996441281,6.0,-3.0398000550279396,113.0,-3.13333333333333,117.0,0.502677520237384,103.0,Mike Gesicki,3116164,False,False,Mike Gesicki,TE,MIA,11.0,1.0,23.0,3116164,0.0,0.0,0.0,0.0,158.48911069098426,-0.0
94,12152,Tevin Coleman,SFO,RB,27.0,5,RB,weighted,115.186261708827,37.0,3.1100767201098596,12.8981194276294,103.835,133.78565644173202,7.0,-1.14422230724999,109.0,3.85933333333332,93.0,-5.851731973862309,131.0,Tevin Coleman,2979477,False,False,Tevin Coleman,RB,SF,11.0,1.0,23.0,2979477,0.0,0.0,0.0,0.0,186.81474004962547,-0.0
45,9474,Jared Cook,NOS,TE,33.0,11,TE,weighted,107.440145234493,6.0,1.91253330918966,13.4151006922829,91.61399999999999,122.213073394495,5.0,13.021259912971301,78.0,10.0806666666667,78.0,11.549754473451701,82.0,Jared Cook,12537,False,False,Jared Cook,TE,NO,6.0,1.0,23.0,12537,0.0,0.0,0.0,0.0,158.48911069098426,-0.0
14,515,Seattle Seahawks,SEA,DST,,50,DST,weighted,103.534832763585,13.0,2.93794829109891,16.9650945908163,81.0,116.97525145348801,9.0,-14.269367711174901,162.0,-14.0,147.0,-15.7474738372093,173.0,Seahawks D/ST,sea,False,False,,,,,1.0,,,0.0,0.0,0.0,0.0,100.72323169214,0.0
137,13157,Curtis Samuel,CAR,WR,24.0,3,WR,weighted,103.251324251437,57.0,5.896859898144751,17.6431866673029,88.006,126.757227272727,9.0,-23.2848252347226,200.0,-17.727333333333302,161.0,-15.1615621158201,171.0,Curtis Samuel,3121427,False,False,,,,,1.0,,,0.0,0.0,0.0,0.0,172.94657087132694,-0.0
8,509,Jacksonville Jaguars,JAC,DST,,50,DST,weighted,95.3192178355061,21.0,0.559870903387306,12.2218113308094,74.0,100.17309011627898,12.0,-22.4849826392542,194.0,-21.0,174.0,-32.549635174418604,232.0,Jaguars D/ST,jax,False,False,,,,,1.0,,,0.0,0.0,0.0,0.0,100.72323169214,-0.0
31,532,Houston Texans,HOU,DST,,50,DST,weighted,94.7168553571143,23.0,2.06193606949327,12.889070131143802,71.0,97.61793577981649,14.0,-23.087345117646,199.0,-24.0,188.0,-35.1047895108812,243.0,Texans D/ST,hou,False,False,,,,,1.0,,,0.0,0.0,0.0,0.0,100.72323169214,-0.0
205,14126,Preston Williams,MIA,WR,23.0,1,WR,weighted,104.475673131406,53.0,0.49585235663494104,26.6289489817176,68.3,131.823451957295,8.0,-22.060476354753103,192.0,-37.433333333333294,226.0,-10.095337431252,149.0,Preston Williams,3915399,False,False,Preston Williams,WR,MIA,11.0,1.0,23.0,3915399,0.0,0.0,0.0,0.0,172.94657087132694,-0.0
160,13606,Ronald Jones,TBB,RB,23.0,2,RB,weighted,104.652800600178,42.0,8.26280263680843,15.5879140066665,87.3682118948873,126.475727272727,8.0,-11.6776834158984,152.0,-12.607454771779402,143.0,-13.1616611428674,155.0,Ronald Jones II,3912550,False,False,Ronald Jones II,RB,TB,13.0,1.0,23.0,3912550,0.0,0.0,0.0,0.0,186.81474004962547,-0.0
104,12417,Josh Lambo,JAC,K,30.0,5,K,weighted,104.767240920321,16.0,1.21858987978324,22.725171745130602,76.1879583764459,122.476832298137,1.0,-5.91179658616905,128.0,-15.5519832773324,156.0,-9.120649658079302,144.0,Josh Lambo,2998120,False,False,,,,,1.0,,,0.0,0.0,0.0,0.0,101.308295097445,0.0
105,12437,Jason Myers,SEA,K,29.0,6,K,weighted,105.022224247048,15.0,0.684100818338365,22.3674712263971,78.42532115677321,126.81373652042801,1.0,-5.65681325944198,127.0,-13.314620497005,146.0,-4.7837454357877895,126.0,Jason Myers,2473037,False,False,,,,,1.0,,,0.0,0.0,0.0,0.0,101.308295097445,0.0
56,10506,Dan Bailey,MIN,K,32.0,9,K,weighted,101.860556403985,21.0,0.443580778959003,28.3424887071511,71.5422375094613,125.58235714285699,1.0,-8.81848110250532,142.0,-20.197704144317,172.0,-6.015124813358799,132.0,Dan Bailey,14322,False,False,Dan Bailey,PK,MIN,7.0,1.0,23.0,14322,0.0,0.0,0.0,0.0,101.308295097445,0.0
48,9902,Rob Gronkowski,TBB,TE,31.0,10,TE,weighted,105.427336374083,8.0,5.49360314461293,18.693764367558,86.374,131.90836363636402,5.0,11.008451052560899,82.0,4.84066666666666,91.0,21.2450447153199,67.0,Rob Gronkowski,13229,False,False,Rob Gronkowski,TE,TB,13.0,1.0,23.0,13229,0.0,0.0,0.0,0.0,158.48911069098426,-0.0
225,14834,Henry Ruggs,LVR,WR,21.0,0,WR,weighted,105.944422215743,52.0,1.6737758586500502,19.603028002089697,72.4,126.951909090909,8.0,-20.5917272704162,184.0,-33.3333333333333,216.0,-14.966880297638301,168.0,Henry Ruggs III,4241475,False,False,Henry Ruggs III,WR,LV,6.0,1.0,23.0,4241475,0.0,0.0,0.0,0.0,172.94657087132694,-0.0
41,8930,Matt Prater,DET,K,36.0,14,K,weighted,105.989559007204,14.0,1.09482642351939,25.2367800844676,72.793244230982,129.55246812822202,1.0,-4.68947849928612,122.0,-18.9466974227962,168.0,-2.04501382799396,117.0,Matt Prater,11122,False,False,Matt Prater,PK,DET,5.0,1.0,23.0,11122,0.0,0.0,0.0,0.0,101.308295097445,0.0
226,14836,Justin Jefferson,MIN,WR,21.0,0,WR,weighted,106.34811846114799,51.0,1.13807078757266,22.9173663510044,83.5,138.295909090909,8.0,-20.188031025012,182.0,-22.233333333333302,179.0,-3.6228802976383196,124.0,Justin Jefferson,4262921,False,False,Justin Jefferson,WR,MIN,7.0,1.0,23.0,4262921,0.0,0.0,0.0,0.0,172.94657087132694,-0.0
0,501,Buffalo Bills,BUF,DST,,50,DST,weighted,106.42278630686899,11.0,2.60873851655468,8.14708793123438,94.0,111.348202034884,7.0,-11.381414167891199,151.0,-1.0,110.0,-21.374523255813997,193.0,Bills D/ST,buf,False,False,Buffalo Defense,DEF,BUF,11.0,1.0,23.0,buf,0.0,0.0,0.0,0.0,100.72323169214,0.0
38,8658,Adrian Peterson,FA,RB,35.0,13,RB,weighted,95.9055510652891,44.0,4.62965646607215,40.476728830423205,70.9829427019258,134.834342507645,8.0,-20.4249329507876,183.0,-28.992723964740897,207.0,-4.803045907949469,127.0,Adrian Peterson,10452,False,False,Adrian Peterson,RB,WAS,8.0,1.0,23.0,10452,0.0,0.0,0.0,0.0,186.81474004962547,-0.0
142,13193,Jonnu Smith,TEN,TE,25.0,3,TE,weighted,90.06464836194479,15.0,2.63735738867194,8.33001134284486,81.5,101.506814946619,6.0,-4.354236959577141,121.0,-0.0333333333333314,107.0,-9.156503974424538,145.0,Jonnu Smith,3054212,False,False,Jonnu Smith,TE,TEN,7.0,1.0,23.0,3054212,0.0,0.0,0.0,0.0,158.48911069098426,-0.0
22,523,Green Bay Packers,GBP,DST,,50,DST,weighted,94.80183850712329,22.0,0.657016727454746,20.684429108494697,70.0,113.04444912790701,11.0,-23.002361967637,198.0,-25.0,191.0,-19.6782761627907,189.0,Packers D/ST,gb,False,False,,,,,1.0,,,0.0,0.0,0.0,0.0,100.72323169214,-0.0
78,11670,Sammy Watkins,KCC,WR,27.0,6,WR,weighted,100.12043505867099,58.0,5.90909558170733,13.0374341130009,87.7,117.4121886121,9.0,-26.415714427488197,209.0,-18.033333333333303,162.0,-24.5066007764477,205.0,Sammy Watkins,16725,False,False,Sammy Watkins,WR,KC,10.0,1.0,23.0,16725,0.0,0.0,0.0,0.0,172.94657087132694,-0.0
184,13909,Brett Maher,FA,K,31.0,3,K,weighted,84.4,32.0,0.6197986386563629,,84.4,84.4,2.0,-26.279037506490504,207.0,-7.33994165377823,128.0,-47.197481956215896,280.0,Brett Maher,16486,False,False,,,,,1.0,,,0.0,0.0,0.0,0.0,101.308295097445,-0.0
65,11186,Chris Thompson,JAC,RB,30.0,7,RB,weighted,82.3295930312305,48.0,1.71637052024302,20.441220842442,64.0,111.168538442019,9.0,-34.0008909848461,230.0,-35.975666666666704,223.0,-28.4688499735756,218.0,Chris Thompson,3054970,False,False,,,,,1.0,,,0.0,0.0,0.0,0.0,186.81474004962547,-0.0
166,13622,Nyheim Hines,IND,RB,24.0,2,RB,weighted,77.37749601053001,55.0,2.99458341601061,15.270520382782,60.687,98.5287346475889,10.0,-38.9529880055466,250.0,-39.2886666666667,229.0,-41.108653768005794,262.0,Nyheim Hines,3916430,False,False,,,,,1.0,,,0.0,0.0,0.0,0.0,186.81474004962547,-0.0
2,503,Miami Dolphins,MIA,DST,,50,DST,weighted,81.3109290359388,32.0,,13.0349384267242,65.0,90.4619565217391,17.0,-36.4932714388216,241.0,-30.0,208.0,-42.2607687689585,266.0,Dolphins D/ST,mia,False,False,,,,,1.0,,,0.0,0.0,0.0,0.0,100.72323169214,-0.0
165,13620,Justin Jackson,LAC,RB,25.0,2,RB,weighted,80.9705577032018,49.0,0.922823053808798,30.7694810543709,39.436,120.64517786196801,9.0,-35.3599263128748,235.0,-60.5396666666667,283.0,-18.992210553626602,184.0,Justin Jackson,3116136,False,False,Justin Jackson,RB,LAC,10.0,1.0,23.0,3116136,0.0,0.0,0.0,0.0,186.81474004962547,-0.0
218,14798,Zack Moss,BUF,RB,23.0,0,RB,weighted,80.2558873187732,50.0,0.853839590299287,46.594211742708204,2.1,130.930306395349,9.0,-36.0745966973034,239.0,-97.8756666666667,502.0,-8.70708202024591,141.0,Zack Moss,4035676,False,False,Zack Moss,RB,BUF,11.0,1.0,23.0,4035676,0.0,0.0,0.0,0.0,186.81474004962547,-0.0
195,14085,Tony Pollard,DAL,RB,23.0,1,RB,weighted,79.83958198001271,51.0,1.42034284661356,16.149016419900697,58.8,98.5486902616279,9.0,-36.4909020360639,240.0,-41.1756666666667,232.0,-41.088698153966796,261.0,Tony Pollard,3916148,False,False,Tony Pollard,RB,DAL,10.0,1.0,23.0,3916148,0.0,0.0,0.0,0.0,186.81474004962547,-0.0
132,13139,Jamaal Williams,GBP,RB,25.0,3,RB,weighted,78.9645134769351,52.0,1.20336564083553,23.2442083352326,57.57,111.625085262003,9.0,-37.3659705391415,244.0,-42.405666666666704,234.0,-28.0123031535916,216.0,Jamaal Williams,2980453,False,False,,,,,1.0,,,0.0,0.0,0.0,0.0,186.81474004962547,-0.0
196,14087,Darrell Henderson,LAR,RB,23.0,1,RB,weighted,77.87396478986321,53.0,0.3610513434301911,17.3404975513324,51.715103837361795,97.3954545454546,9.0,-38.456519226213395,248.0,-48.260562829304895,255.0,-42.2419338701402,265.0,Darrell Henderson Jr.,4039359,False,False,Darrell Henderson,RB,LAR,9.0,1.0,23.0,4039359,0.0,0.0,0.0,0.0,186.81474004962547,-0.0
178,13678,Ian Thomas,CAR,TE,24.0,2,TE,weighted,77.6711931417045,22.0,3.90068745380334,13.362618680692801,62.0,97.28387900355871,7.0,-16.7476921798174,167.0,-19.533333333333303,170.0,-13.379439917485001,156.0,Ian Thomas,4045305,False,False,,,,,1.0,,,0.0,0.0,0.0,0.0,158.48911069098426,-0.0
192,14075,Damien Harris,NEP,RB,23.0,1,RB,weighted,77.648330882336,54.0,0.645951338648231,25.568377900924002,41.2,105.35763900984699,9.0,-38.6821531337406,249.0,-58.7756666666667,276.0,-34.279749405747296,239.0,Damien Harris,3925347,False,False,Damien Harris,RB,NE,6.0,1.0,23.0,3925347,0.0,0.0,0.0,0.0,186.81474004962547,-0.0
12,513,Las Vegas Raiders,LVR,DST,,50,DST,weighted,82.3357789751232,31.0,,19.2618153643523,63.8,95.2933720930233,17.0,-35.4684214996371,236.0,-31.2,210.0,-37.429353197674395,250.0,Raiders D/ST,lv,False,False,,,,,1.0,,,0.0,0.0,0.0,0.0,100.72323169214,-0.0
211,14143,Dawson Knox,BUF,TE,24.0,1,TE,weighted,73.13510920737059,24.0,5.68372998397173,12.162664902005801,58.9,88.5027402135231,7.0,-21.2837761141513,189.0,-22.6333333333333,182.0,-22.1605787075206,200.0,Dawson Knox,3930086,False,False,,,,,1.0,,,0.0,0.0,0.0,0.0,158.48911069098426,-0.0
85,11695,Eric Ebron,PIT,TE,27.0,6,TE,weighted,83.1637004538578,21.0,7.12515279878973,25.7980228057136,50.3,117.200772727273,6.0,-11.255184867664099,150.0,-31.233333333333302,211.0,6.53745380622897,90.0,Eric Ebron,16732,False,False,,,,,1.0,,,0.0,0.0,0.0,0.0,158.48911069098426,-0.0
55,10312,Kyle Rudolph,MIN,TE,31.0,9,TE,weighted,71.8012889561271,25.0,9.03244931921331,6.16488078783432,65.1,79.85966192170821,7.0,-22.617596365394803,195.0,-16.4333333333333,158.0,-30.803656999335605,225.0,Kyle Rudolph,14054,False,False,,,,,1.0,,,0.0,0.0,0.0,0.0,158.48911069098426,-0.0
210,14141,Irv Smith Jr.,MIN,TE,22.0,1,TE,weighted,63.1014694906707,26.0,1.2160302571860901,17.3314580241681,40.3,85.32913636363641,8.0,-31.317415830851196,221.0,-41.2333333333333,233.0,-25.3341825574074,207.0,Irv Smith Jr.,4040980,False,False,,,,,1.0,,,0.0,0.0,0.0,0.0,158.48911069098426,-0.0
72,11250,Tyler Eifert,JAC,TE,30.0,7,TE,weighted,62.4362097831568,27.0,1.43025566721003,9.04419796102608,44.681999999999995,69.8829181494662,8.0,-31.9826755383651,223.0,-36.851333333333294,224.0,-40.780400771577604,260.0,Tyler Eifert,15788,False,False,,,,,1.0,,,0.0,0.0,0.0,0.0,158.48911069098426,-0.0
73,11337,Darren Fells,HOU,TE,34.0,8,TE,weighted,61.334668683812396,28.0,0.9447821215237511,12.229745743474,37.034,68.8483944954128,8.0,-33.084216637709496,226.0,-44.499333333333304,244.0,-41.8149244256309,263.0,Darren Fells,15773,False,False,,,,,1.0,,,0.0,0.0,0.0,0.0,158.48911069098426,-0.0
140,13188,O.J. Howard,TBB,TE,26.0,3,TE,weighted,60.67723954808121,29.0,0.7073394064315791,9.50185799832293,50.121,73.4883181818182,8.0,-33.7416457734407,228.0,-31.4123333333333,212.0,-37.1750007392256,249.0,O.J. Howard,3043080,False,False,,,,,1.0,,,0.0,0.0,0.0,0.0,158.48911069098426,-0.0
182,13763,Will Dissly,SEA,TE,24.0,2,TE,weighted,60.10253357649611,30.0,0.511892585021684,16.664143936684102,40.9,79.63555045871558,8.0,-34.3163517450258,231.0,-40.6333333333333,231.0,-31.0277684623282,227.0,Will Dissly,3127292,False,False,,,,,1.0,,,0.0,0.0,0.0,0.0,158.48911069098426,-0.0
209,14140,Jace Sternberger,GBP,TE,24.0,1,TE,weighted,59.8372667068031,31.0,0.9488944696379921,17.8743933966335,38.2,78.7635587188612,8.0,-34.5816186147188,233.0,-43.3333333333333,238.0,-31.8997602021825,229.0,Jace Sternberger,3917962,False,False,,,,,1.0,,,0.0,0.0,0.0,0.0,158.48911069098426,-0.0
144,13236,Gerald Everett,LAR,TE,26.0,3,TE,weighted,58.4327291981846,33.0,1.88340997735596,8.95094467015822,46.5,67.8594495412844,8.0,-35.986156123337295,238.0,-35.0333333333333,222.0,-42.8038693797593,269.0,Gerald Everett,3918639,False,False,,,,,1.0,,,0.0,0.0,0.0,0.0,158.48911069098426,-0.0
39,8687,Greg Olsen,SEA,TE,35.0,13,TE,weighted,74.4059021684317,23.0,1.93770308668282,3.8074371957667,69.632,78.3188181818182,7.0,-20.012983153090197,180.0,-11.901333333333302,141.0,-32.3445007392256,231.0,Greg Olsen,10475,False,False,,,,,1.0,,,0.0,0.0,0.0,0.0,158.48911069098426,-0.0
77,11660,Devonta Freeman,FA*,RB,28.0,6,RB,weighted,92.98493150684929,45.0,4.093202398014951,12.5157900270019,85.3,101.238045454545,8.0,-23.3455525092273,201.0,-14.675666666666698,150.0,-38.3993429610493,256.0,Devonta Freeman,16944,False,False,,,,,1.0,,,0.0,0.0,0.0,0.0,186.81474004962547,-0.0
202,14113,Mecole Hardman,KCC,WR,22.0,1,WR,weighted,93.63756158644439,61.0,1.29103094046617,14.238870003389199,71.5,108.36912841614901,9.0,-32.8985878997152,225.0,-34.2333333333333,219.0,-33.5496609723983,236.0,Mecole Hardman,4035004,False,False,Mecole Hardman,WR,KC,10.0,1.0,23.0,4035004,0.0,0.0,0.0,0.0,172.94657087132694,-0.0
177,13674,Dallas Goedert,PHI,TE,26.0,2,TE,weighted,85.6714230963187,19.0,1.29484568835096,14.3833516327665,69.4,105.818818181818,6.0,-8.74746222520319,141.0,-12.1333333333333,142.0,-4.844500739225571,128.0,Dallas Goedert,3121023,False,False,,,,,1.0,,,0.0,0.0,0.0,0.0,158.48911069098426,-0.0
227,14839,Jalen Reagor,PHI,WR,21.0,0,WR,weighted,89.9216640263098,65.0,1.5318489157035602,19.8886537751655,62.8,116.50577272727301,9.0,-36.6144854598497,242.0,-42.933333333333294,236.0,-25.4130166612747,208.0,Jalen Reagor,4241802,False,False,Jalen Reagor,WR,PHI,9.0,1.0,23.0,4241802,0.0,0.0,0.0,0.0,172.94657087132694,-0.0
148,13303,Jake Elliott,PHI,K,25.0,3,K,weighted,101.525656152607,22.0,1.97290409642451,25.3054458105833,70.7934233232856,122.479750947471,2.0,-9.153381353883221,144.0,-20.9465183304926,173.0,-9.117731008744741,143.0,Jake Elliott,3050478,False,False,Jake Elliott,PK,PHI,9.0,1.0,23.0,3050478,0.0,0.0,0.0,0.0,101.308295097445,0.0
204,14123,Hunter Renfrow,LVR,WR,25.0,1,WR,weighted,94.5884936479129,59.0,0.8526202016831659,24.7707533775102,66.7,124.79396797153,9.0,-31.947655838246604,222.0,-39.033333333333296,228.0,-17.1248214170171,178.0,Hunter Renfrow,3135321,False,False,,,,,1.0,,,0.0,0.0,0.0,0.0,172.94657087132694,-0.0
18,519,Arizona Cardinals,ARI,DST,,50,DST,weighted,87.8080925206605,27.0,0.325977571615653,18.141183295155802,65.0,101.040411337209,13.0,-29.996107954099898,216.0,-30.0,208.0,-31.682313953488396,228.0,Cardinals D/ST,ari,False,False,,,,,1.0,,,0.0,0.0,0.0,0.0,100.72323169214,-0.0
15,516,Dallas Cowboys,DAL,DST,,50,DST,weighted,93.57278820222281,24.0,3.7394396215925,21.1641575570145,67.2,110.59241279069799,12.0,-24.231412272537497,202.0,-27.8,203.0,-22.1303125,199.0,Cowboys D/ST,dal,False,False,Dallas Defense,DEF,DAL,10.0,1.0,23.0,dal,0.0,0.0,0.0,0.0,100.72323169214,-0.0
228,14840,Brandon Aiyuk,SFO,WR,22.0,0,WR,weighted,88.3340296160687,67.0,5.63866227557006,23.3110090243277,55.3,112.567681818182,9.0,-38.2021198700908,246.0,-50.4333333333333,261.0,-29.3511075703656,222.0,Brandon Aiyuk,4360438,False,False,,,,,1.0,,,0.0,0.0,0.0,0.0,172.94657087132694,-0.0
229,14842,Michael Pittman,IND,WR,23.0,0,WR,weighted,92.7213920129951,62.0,1.2618979557749,19.7176849998865,61.1,116.34068181818199,9.0,-33.8147574731644,229.0,-44.633333333333304,246.0,-25.5781075703656,209.0,Michael Pittman,4035687,False,False,,,,,1.0,,,0.0,0.0,0.0,0.0,172.94657087132694,-0.0
134,13153,Corey Davis,TEN,WR,25.0,3,WR,weighted,91.9716692789613,63.0,1.53717784806673,8.57830035492123,83.242,103.70440909090901,9.0,-34.5644802071983,232.0,-22.4913333333333,181.0,-38.2143802976383,254.0,Corey Davis,3042778,False,False,,,,,1.0,,,0.0,0.0,0.0,0.0,172.94657087132694,-0.0
25,526,Atlanta Falcons,ATL,DST,,50,DST,weighted,91.7370503730193,25.0,3.86818071856838,10.5536562872831,72.0,94.55839449541278,15.0,-26.067150101741,206.0,-23.0,183.0,-38.1643307952848,253.0,Falcons D/ST,atl,False,False,,,,,1.0,,,0.0,0.0,0.0,0.0,100.72323169214,-0.0
197,14101,N'Keal Harry,NEP,WR,23.0,1,WR,weighted,90.94731883547921,64.0,1.76368651975248,20.4576852455255,50.0,106.824177173913,9.0,-35.5888306506803,237.0,-55.7333333333333,270.0,-35.0946122146344,242.0,N'Keal Harry,4047839,False,False,N'Keal Harry,WR,NE,6.0,1.0,23.0,4047839,0.0,0.0,0.0,0.0,172.94657087132694,-0.0
135,13154,Mike Williams,LAC,WR,26.0,3,WR,weighted,109.737682126877,45.0,0.7693964884219471,19.667879802576103,90.7,135.15495454545498,8.0,-16.798467359282903,168.0,-15.033333333333301,153.0,-6.76383484309287,134.0,Mike Williams,3045138,False,False,Mike Williams,WR,LAC,10.0,1.0,23.0,3045138,0.0,0.0,0.0,0.0,172.94657087132694,-0.0
183,13814,Boston Scott,PHI,RB,25.0,2,RB,weighted,89.56685769158449,46.0,4.29376091292713,9.329693681153222,81.1,104.613099745983,9.0,-26.7636263244921,210.0,-18.8756666666667,167.0,-35.0242886696116,241.0,Boston Scott,3051439,False,False,Boston Scott,RB,PHI,9.0,1.0,23.0,3051439,0.0,0.0,0.0,0.0,186.81474004962547,-0.0
208,14138,T.J. Hockenson,DET,TE,23.0,1,TE,weighted,85.67529702470999,18.0,0.0448582955118582,13.507407980058902,71.1,105.74177935943099,6.0,-8.74358829681185,140.0,-10.4333333333333,133.0,-4.921539561613139,129.0,T.J. Hockenson,4036133,False,False,T.J. Hockenson,TE,DET,5.0,1.0,23.0,4036133,0.0,0.0,0.0,0.0,158.48911069098426,-0.0
181,13722,Blake Jarwin,DAL,TE,26.0,3,TE,weighted,88.7935179021684,16.0,2.9253373676248104,8.9238917551811,80.2,101.730551601423,6.0,-5.62536741935347,126.0,-1.33333333333333,111.0,-8.93276731962027,142.0,Blake Jarwin,2991767,False,False,Blake Jarwin,TE,DAL,10.0,1.0,23.0,2991767,0.0,0.0,0.0,0.0,158.48911069098426,-0.0
63,10973,Cole Beasley,BUF,WR,31.0,8,WR,weighted,88.4456006051437,66.0,2.5590623771003704,17.3308140423015,59.883,107.795,9.0,-38.0905488810158,245.0,-45.8503333333333,250.0,-34.123789388547394,237.0,Cole Beasley,15349,False,False,,,,,1.0,,,0.0,0.0,0.0,0.0,172.94657087132694,-0.0
213,14223,Alexander Mattison,MIN,RB,22.0,1,RB,weighted,88.21660052608419,47.0,6.5665251588680995,18.122369930362197,74.2,115.431758584617,9.0,-28.1138834899924,212.0,-25.775666666666698,193.0,-24.205629830977898,204.0,Alexander Mattison,4048244,False,False,Alexander Mattison,RB,MIN,7.0,1.0,23.0,4048244,0.0,0.0,0.0,0.0,186.81474004962547,-0.0
75,11516,Jack Doyle,IND,TE,30.0,7,TE,weighted,85.5894543620777,20.0,5.17200756429654,16.948677956896802,76.054,110.83880782918101,6.0,-8.82943095944422,143.0,-5.47933333333333,121.0,0.175488908137737,104.0,Jack Doyle,16504,False,False,,,,,1.0,,,0.0,0.0,0.0,0.0,158.48911069098426,-0.0
5,506,Cincinnati Bengals,CIN,DST,,50,DST,weighted,87.9296467882414,26.0,0.20555425460780397,18.5723568596831,60.0,99.9654389534884,15.0,-29.874553686518997,215.0,-35.0,221.0,-32.7572863372093,233.0,Bengals D/ST,cin,False,False,,,,,1.0,,,0.0,0.0,0.0,0.0,100.72323169214,-0.0
215,14258,Austin Seibert,CLE,K,24.0,1,K,weighted,107.345480118209,11.0,0.76616744718892,19.7775869119433,76.272371134824,120.957270348837,1.0,-3.33355738828105,115.0,-15.467570518954199,155.0,-10.6402116073787,151.0,Austin Seibert,3821683,False,False,,,,,1.0,,,0.0,0.0,0.0,0.0,101.308295097445,0.0
16,517,New York Giants,NYG,DST,,50,DST,weighted,87.6400925466066,28.0,0.5296138670515379,18.017200939711397,64.0,100.603927325581,15.0,-30.1641079281537,217.0,-31.0,209.0,-32.1187979651163,230.0,Giants D/ST,nyg,False,False,,,,,1.0,,,0.0,0.0,0.0,0.0,100.72323169214,-0.0
21,522,Detroit Lions,DET,DST,,50,DST,weighted,87.3241373514831,29.0,2.7078378601079,12.512213706208,72.0,94.88850872093019,16.0,-30.4800631232773,219.0,-23.0,183.0,-37.8342165697674,252.0,Lions D/ST,det,False,False,,,,,1.0,,,0.0,0.0,0.0,0.0,100.72323169214,-0.0
13,514,Los Angeles Chargers,LAC,DST,,50,DST,weighted,86.89682000762708,30.0,5.0734660020961,11.3846293199708,67.3,92.3654565217391,15.0,-30.907380467133304,220.0,-27.7,201.0,-40.357268768958505,259.0,Chargers D/ST,lac,False,False,LA Chargers Defense,DEF,LAC,10.0,1.0,23.0,lac,0.0,0.0,0.0,0.0,100.72323169214,-0.0
179,13679,Chris Herndon,NYJ,TE,24.0,2,TE,weighted,86.06106404437722,17.0,0.38770398386284904,12.548789820759803,70.7,99.3770909090909,6.0,-8.35782127714468,138.0,-10.833333333333302,136.0,-11.286228011952801,152.0,Chris Herndon,3123050,False,False,,,,,1.0,,,0.0,0.0,0.0,0.0,158.48911069098426,-0.0
102,12197,Breshad Perriman,NYJ,WR,27.0,5,WR,weighted,109.109899110695,46.0,1.04406092674374,17.711278000288697,82.3,128.448274021352,8.0,-17.426250375464598,172.0,-23.4333333333333,185.0,-13.4705153671951,157.0,Breshad Perriman,2972460,False,False,,,,,1.0,,,0.0,0.0,0.0,0.0,172.94657087132694,-0.0
88,11783,John Brown,BUF,WR,30.0,6,WR,weighted,114.76630526825001,40.0,0.5969909919525661,21.392297362074896,95.0,143.760409090909,8.0,-11.769844217910002,153.0,-10.7333333333333,135.0,1.8416197023617,99.0,John Brown,16804,False,False,John Brown,WR,BUF,11.0,1.0,23.0,16804,0.0,0.0,0.0,0.0,172.94657087132694,-0.0
153,13378,Matt Breida,MIA,RB,25.0,3,RB,weighted,109.808161638524,40.0,3.5561922231633503,15.3652991547909,84.9,127.06194425214198,7.0,-6.52232237755217,129.0,-15.075666666666699,154.0,-12.5754441634527,154.0,Matt Breida,3049916,False,False,Matt Breida,RB,MIA,11.0,1.0,23.0,3049916,0.0,0.0,0.0,0.0,186.81474004962547,-0.0
190,14071,David Montgomery,CHI,RB,23.0,1,RB,weighted,143.928676402187,28.0,6.68954681048504,34.71910285841,110.852,195.425541448073,5.0,27.598192386110895,55.0,10.876333333333301,76.0,55.7881530324786,32.0,David Montgomery,4035538,False,False,David Montgomery,RB,CHI,11.0,1.0,23.0,4035538,0.0,0.0,0.0,0.0,186.81474004962547,-0.0
219,14799,Cam Akers,LAR,RB,21.0,0,RB,weighted,157.408653613317,26.0,13.3576049637045,22.270019378605,133.0,188.34267391897302,5.0,41.0781695972399,41.0,33.0243333333333,52.0,48.705285503377894,38.0,Cam Akers,4240021,False,False,Cam Akers,RB,LAR,9.0,1.0,23.0,4240021,0.0,0.0,0.0,0.0,186.81474004962547,-0.0
34,7394,Philip Rivers,IND,QB,39.0,16,QB,weighted,233.247771383509,26.0,12.326673281759401,22.867971960591603,215.34,267.627695871886,7.0,-30.2823427592288,218.0,-28.4333333333333,205.0,-28.9358314090419,220.0,Philip Rivers,5529,False,False,,,,,1.0,,,0.0,0.0008053859999999113,0.0008053859999999113,0.18785448960345807,323.9316311342715,-0.0
98,12176,DeVante Parker,MIA,WR,27.0,5,WR,weighted,152.06386597169902,19.0,1.0156710689625201,19.0057326936594,134.5,179.060863636364,5.0,25.5277164855398,58.0,28.766666666666698,58.0,37.142074247816296,50.0,DeVante Parker,2576623,False,False,DeVante Parker,WR,MIA,11.0,1.0,23.0,2576623,0.0,0.0,0.0,0.0,172.94657087132694,-0.0
199,14104,A.J. Brown,TEN,WR,23.0,1,WR,weighted,161.861423579865,9.0,1.03766456172886,12.959684598886499,148.371,179.287863636364,5.0,35.325274093705296,43.0,42.6376666666667,40.0,37.36907424781629,49.0,A.J. Brown,4047646,False,False,A.J. Brown,WR,TEN,7.0,1.0,23.0,4047646,0.0,0.0,0.0,0.0,172.94657087132694,-0.0
83,11679,Odell Beckham,CLE,WR,28.0,6,WR,weighted,161.524417651987,10.0,1.4304563494683,15.5364894949178,149.0,184.16404545454498,5.0,34.9882681658278,45.0,43.2666666666667,39.0,42.2452560659981,45.0,Odell Beckham Jr.,16733,False,False,Odell Beckham Jr,WR,CLE,9.0,1.0,23.0,16733,0.0,0.0,0.0,0.0,172.94657087132694,-0.0
171,13635,D.J. Moore,CAR,WR,23.0,2,WR,weighted,160.064822220754,12.0,1.96807437070242,19.989030141652698,138.9,187.283318181818,5.0,33.5286727345941,47.0,33.1666666666667,51.0,45.3645287932708,43.0,DJ Moore,3915416,False,False,D.J. Moore,WR,CAR,13.0,1.0,23.0,3915416,0.0,0.0,0.0,0.0,172.94657087132694,-0.0
230,14852,Antonio Gibson,WAS,RB,22.0,0,RB,weighted,136.639707334974,30.0,9.81000375648708,7.590851023742981,132.3,150.097614678899,6.0,20.3092233188975,67.0,32.3243333333333,53.0,10.460226263304401,85.0,Antonio Gibson,4360294,False,False,Antonio Gibson,RB,WAS,8.0,1.0,23.0,4360294,0.0,0.0,0.0,0.0,186.81474004962547,-0.0
136,13156,JuJu Smith-Schuster,PIT,WR,24.0,3,WR,weighted,156.13162784563,14.0,0.7863726210355251,8.98898140809314,150.9,169.472330960854,5.0,29.5954783594702,51.0,45.1666666666667,36.0,27.5535415723067,58.0,JuJu Smith-Schuster,3120348,False,False,JuJu Smith-Schuster,WR,PIT,8.0,1.0,23.0,3120348,0.0,0.0,0.0,0.0,172.94657087132694,-0.0
168,13630,Courtland Sutton,DEN,WR,25.0,2,WR,weighted,156.092150702742,15.0,2.4469310316968302,21.2136061769172,140.6,186.91745454545503,5.0,29.556001216582498,52.0,34.866666666666696,47.0,44.99866515690721,44.0,Courtland Sutton,3128429,False,False,Courtland Sutton,WR,DEN,8.0,1.0,23.0,3128429,0.0,0.0,0.0,0.0,172.94657087132694,-0.0
68,11228,Robert Woods,LAR,WR,28.0,7,WR,weighted,154.598359746446,16.0,2.03588211951359,10.9478392662344,139.5,167.176636363636,5.0,28.0622102602869,53.0,33.7666666666667,50.0,25.257846975089002,62.0,Robert Woods,15880,False,False,Robert Woods,WR,LAR,9.0,1.0,23.0,15880,0.0,0.0,0.0,0.0,172.94657087132694,-0.0
139,13164,Cooper Kupp,LAR,WR,27.0,3,WR,weighted,152.692079595644,17.0,0.443708780683295,14.372687960852002,140.156,173.662681818182,5.0,26.1559301094844,56.0,34.4226666666667,48.0,31.7438924296344,54.0,Cooper Kupp,2977187,False,False,Cooper Kupp,WR,LAR,9.0,1.0,23.0,2977187,0.0,0.0,0.0,0.0,172.94657087132694,-0.0
106,12447,Raheem Mostert,SFO,RB,28.0,5,RB,weighted,173.978366056787,20.0,0.773927775792345,34.4032401582453,138.1,214.97522804993199,4.0,57.6478820407104,28.0,38.1243333333334,44.0,75.3378396343373,24.0,Raheem Mostert,2576414,False,False,Raheem Mostert,RB,SF,11.0,1.0,23.0,2576414,0.0,0.0,0.0,0.0,186.81474004962547,-0.0
101,12187,Tyler Lockett,SEA,WR,28.0,5,WR,weighted,150.490804582192,21.0,3.26145546413966,8.18851251931406,141.572,161.788291814947,6.0,23.9546550960323,61.0,35.838666666666704,45.0,19.8695024263992,70.0,Tyler Lockett,2577327,False,False,Tyler Lockett,WR,SEA,6.0,1.0,23.0,2577327,0.0,0.0,0.0,0.0,172.94657087132694,-0.0
47,9831,Golden Tate,NYG,WR,32.0,10,WR,weighted,109.868172729097,44.0,0.4443821103109679,16.520129392779697,95.5,133.668486238532,8.0,-16.6679767570628,166.0,-10.2333333333333,132.0,-8.25030315001527,139.0,Golden Tate,13217,False,False,,,,,1.0,,,0.0,0.0,0.0,0.0,172.94657087132694,-0.0
198,14102,DK Metcalf,SEA,WR,23.0,1,WR,weighted,148.735006893943,22.0,3.5611352196499104,19.4553213328802,137.431,180.225338078292,6.0,22.198857407783102,64.0,31.6976666666667,55.0,38.306548689744396,48.0,DK Metcalf,4047650,False,False,D.K. Metcalf,WR,SEA,6.0,1.0,23.0,4047650,0.0,0.0,0.0,0.0,172.94657087132694,-0.0
201,14109,Terry McLaurin,WAS,WR,25.0,1,WR,weighted,145.723691342162,23.0,1.25254632735141,12.4028320040486,131.5,162.717722419929,6.0,19.1875418560023,69.0,25.766666666666698,63.0,20.7989330313814,68.0,Terry McLaurin,3121422,False,False,Terry McLaurin,WR,WAS,8.0,1.0,23.0,3121422,0.0,0.0,0.0,0.0,172.94657087132694,-0.0
67,11222,Keenan Allen,LAC,WR,28.0,7,WR,weighted,144.624052006424,24.0,0.333652558966008,11.370740551366401,129.29,157.38831818181802,6.0,18.0879025202641,70.0,23.556666666666697,66.0,15.4695287932708,77.0,Keenan Allen,15818,False,False,Keenan Allen,WR,LAC,10.0,1.0,23.0,15818,0.0,0.0,0.0,0.0,172.94657087132694,-0.0
60,10729,T.Y. Hilton,IND,WR,31.0,8,WR,weighted,144.318238023197,25.0,0.305988811623081,11.617406361782999,130.7,160.205318181818,6.0,17.782088537037698,71.0,24.966666666666697,64.0,18.2865287932708,75.0,T.Y. Hilton,14924,False,False,T.Y. Hilton,WR,IND,7.0,1.0,23.0,14924,0.0,0.0,0.0,0.0,172.94657087132694,-0.0
174,13668,D.J. Chark,JAC,WR,24.0,2,WR,weighted,144.262560871718,26.0,2.90907621022865,15.3524923388339,131.9,165.7695,6.0,17.7264113855585,73.0,26.1666666666667,62.0,23.8507106114526,64.0,DJ Chark Jr.,3115394,False,False,D.J. Chark,WR,JAX,7.0,1.0,23.0,3115394,0.0,0.0,0.0,0.0,172.94657087132694,-0.0
109,12620,Dak Prescott,DAL,QB,27.0,4,QB,weighted,319.570891130495,3.0,5.647317416509111,15.179356495547099,304.539131337405,343.057281818182,3.0,56.0407769877574,31.0,60.76579800407129,27.0,46.4937545372538,41.0,Dak Prescott,2577417,False,False,Dak Prescott,QB,DAL,10.0,1.0,23.0,2577417,0.0,0.0,0.0,0.0,323.9316311342715,-0.0
53,10273,Cam Newton,NEP,QB,31.0,9,QB,weighted,256.952530286706,14.0,0.7068462713704091,27.782383303890004,225.22,294.586504880091,5.0,-6.57758385603171,130.0,-18.553333333333303,163.0,-1.9770224008365198,116.0,Cam Newton,13994,False,False,Cam Newton,QB,NE,6.0,1.0,23.0,13994,0.0,0.0,0.0,0.0,323.9316311342715,-0.0
58,10700,Kirk Cousins,MIN,QB,32.0,8,QB,weighted,238.294659064979,23.0,3.8430919197258198,19.7757407717634,225.18,269.40412729813704,7.0,-25.235455077759102,205.0,-18.5933333333333,165.0,-27.1593999827913,211.0,Kirk Cousins,14880,False,False,Kirk Cousins,QB,MIN,7.0,1.0,23.0,14880,0.0,0.0,0.0,0.0,323.9316311342715,-0.0
124,13113,Deshaun Watson,HOU,QB,25.0,3,QB,weighted,313.870115331913,5.0,17.4457803481113,12.0808415270456,305.56,332.724527272727,3.0,50.340001189175204,33.0,61.7866666666667,25.0,36.1609999917993,51.0,Deshaun Watson,3122840,False,False,Deshaun Watson,QB,HOU,8.0,1.0,23.0,3122840,0.0,0.0,0.0,0.0,323.9316311342715,-0.0
32,4925,Drew Brees,NOS,QB,41.0,19,QB,weighted,282.80508804933703,8.0,2.99038203750757,15.428935627990999,265.5,301.233782181818,5.0,19.2749739065993,68.0,21.7266666666667,68.0,4.670254900890201,93.0,Drew Brees,2580,False,False,Drew Brees,QB,NO,6.0,1.0,23.0,2580,0.0,0.0,0.0,0.0,323.9316311342715,-0.0
36,7836,Aaron Rodgers,GBP,QB,37.0,15,QB,weighted,275.80083366282,11.0,8.98192759206688,13.7709141953917,263.9,298.007220978552,5.0,12.2707195200827,80.0,20.126666666666697,71.0,1.4436936976245,100.0,Aaron Rodgers,8439,False,False,Aaron Rodgers,QB,GB,5.0,1.0,23.0,8439,0.0,0.0,0.0,0.0,323.9316311342715,-0.0
43,9099,Matt Ryan,ATL,QB,35.0,12,QB,weighted,278.32393980036096,10.0,3.24687014732638,18.039754627033602,252.4,302.083579636364,5.0,14.7938256576228,76.0,8.62666666666667,83.0,5.520052355435669,91.0,Matt Ryan,11237,False,False,Matt Ryan,QB,ATL,10.0,1.0,23.0,11237,0.0,0.0,0.0,0.0,323.9316311342715,-0.0
33,5848,Tom Brady,TBB,QB,43.0,20,QB,weighted,281.305472223298,9.0,4.24308549170775,28.5873899077217,245.04,318.09884676631003,5.0,17.7753580805605,72.0,1.26666666666668,101.0,21.5353194853822,66.0,Tom Brady,2330,False,False,Tom Brady,QB,TB,13.0,1.0,23.0,2330,0.0,0.0,0.0,0.0,323.9316311342715,-0.0
186,14056,Kyler Murray,ARI,QB,23.0,1,QB,weighted,298.528550541148,6.0,9.965946803252221,32.8516807084578,254.1,342.18473636363603,3.0,34.9984363984104,44.0,10.3266666666667,77.0,45.6212090827084,42.0,Kyler Murray,3917315,False,False,Kyler Murray,QB,ARI,8.0,1.0,23.0,3917315,0.0,0.0,0.0,0.0,323.9316311342715,-0.0
187,14057,Drew Lock,DEN,QB,24.0,1,QB,weighted,234.69701532838297,24.0,0.9700701555668159,29.1464408300491,194.74,272.775153693441,7.0,-28.833098814355,213.0,-49.0333333333333,257.0,-23.788373587487303,202.0,Drew Lock,3924327,False,False,,,,,1.0,,,0.0,0.0,0.0,0.0,323.9316311342715,-0.0
156,13589,Josh Allen,BUF,QB,24.0,2,QB,weighted,294.320119426455,7.0,12.264839290137301,17.1395197058549,271.58,315.578427272727,4.0,30.7900052837172,50.0,27.806666666666697,59.0,19.0148999917993,73.0,Josh Allen,3918298,False,False,Josh Allen,QB,BUF,11.0,1.0,23.0,3918298,0.0,0.0,0.0,0.0,323.9316311342715,-0.0
76,11644,Derek Carr,LVR,QB,29.0,6,QB,weighted,234.20611896212299,25.0,5.91559665704222,21.6183669241187,214.86,261.420770909091,7.0,-29.3239951806149,214.0,-28.913333333333302,206.0,-35.1427563718371,244.0,Derek Carr,16757,False,False,,,,,1.0,,,0.0,0.0,0.0,0.0,323.9316311342715,-0.0
107,12610,Carson Wentz,PHI,QB,28.0,4,QB,weighted,274.353305643248,12.0,16.2347872507651,23.9721716390827,248.92,311.284526133469,5.0,10.823191500510099,83.0,5.14666666666668,90.0,14.720998852541099,78.0,Carson Wentz,2573079,False,False,Carson Wentz,QB,PHI,9.0,1.0,23.0,2573079,0.0,0.0,0.0,0.0,323.9316311342715,-0.0
216,14777,Joe Burrow,CIN,QB,24.0,0,QB,weighted,238.611834841,22.0,2.1159976443190103,24.592014342590197,211.84,275.690105124544,6.0,-24.9182793017381,204.0,-31.933333333333398,213.0,-20.8734221563835,190.0,Joe Burrow,3915511,False,False,Joe Burrow,QB,CIN,9.0,1.0,23.0,3915511,0.0,0.0,0.0,0.0,323.9316311342715,-0.0
188,14059,Daniel Jones,NYG,QB,23.0,1,QB,weighted,251.616953811711,17.0,2.64176217670052,22.710238205802398,241.14,297.09685598413995,6.0,-11.913160331027,154.0,-2.63333333333333,115.0,0.533328703211964,102.0,Daniel Jones,3917792,False,False,Daniel Jones,QB,NYG,11.0,1.0,23.0,3917792,0.0,0.0,0.0,0.0,323.9316311342715,-0.0
44,9431,Matthew Stafford,DET,QB,32.0,11,QB,weighted,259.284506498259,13.0,2.5041919731965,27.046229247954397,232.1,293.133581818182,5.0,-4.24560764447841,120.0,-11.673333333333302,140.0,-3.42994546274616,123.0,Matthew Stafford,12483,False,False,Matthew Stafford,QB,DET,5.0,1.0,23.0,12483,0.0,0.0,0.0,0.0,323.9316311342715,-0.0
57,10697,Ryan Tannehill,TEN,QB,32.0,8,QB,weighted,256.60809876342,15.0,2.85798722393838,14.9588619351997,245.14,277.250366326064,6.0,-6.92201537931817,132.0,1.3666666666666498,100.0,-19.313160954864,187.0,Ryan Tannehill,14876,False,False,Ryan Tannehill,QB,TEN,7.0,1.0,23.0,14876,0.0,0.0,0.0,0.0,323.9316311342715,-0.0
108,12611,Jared Goff,LAR,QB,26.0,4,QB,weighted,255.88326926725202,16.0,4.43759017831502,14.8291732476579,239.46,277.459455545455,6.0,-7.646844875486099,134.0,-4.31333333333333,118.0,-19.1040717354734,185.0,Jared Goff,3046779,False,False,Jared Goff,QB,LAR,9.0,1.0,23.0,3046779,0.0,0.0,0.0,0.0,323.9316311342715,-0.0
157,13590,Baker Mayfield,CLE,QB,25.0,2,QB,weighted,251.274404366163,18.0,6.22187232711988,16.5114406673512,237.04,275.298895164994,6.0,-12.255709776575198,156.0,-6.733333333333321,127.0,-21.264632115933498,192.0,Baker Mayfield,3052587,False,False,Baker Mayfield,QB,CLE,9.0,1.0,23.0,3052587,0.0,0.0,0.0,0.0,323.9316311342715,-0.0
35,7401,Ben Roethlisberger,PIT,QB,38.0,16,QB,weighted,246.67597890385798,19.0,5.35072142647041,21.190787948208,222.06,271.47753993788797,6.0,-16.8541352388799,169.0,-21.713333333333303,177.0,-25.0859873430398,206.0,Ben Roethlisberger,5536,False,False,Ben Roethlisberger,QB,PIT,8.0,1.0,23.0,5536,0.0,0.0,0.0,0.0,323.9316311342715,-0.0
189,14067,Gardner Minshew,JAC,QB,24.0,1,QB,weighted,243.429085174228,20.0,4.5124528634539995,17.2359168967908,221.9,267.921888230121,6.0,-20.1010289685102,181.0,-21.873333333333303,178.0,-28.6416390508073,219.0,Gardner Minshew II,4038524,False,False,,,,,1.0,,,0.0,0.0,0.0,0.0,323.9316311342715,-0.0
87,11760,Jimmy Garoppolo,SFO,QB,29.0,6,QB,weighted,239.221429780547,21.0,0.768182827558178,25.6058374602029,209.52,268.70841378882005,6.0,-24.308684362190398,203.0,-34.2533333333333,220.0,-27.855113492108103,215.0,Jimmy Garoppolo,16760,False,False,,,,,1.0,,,0.0,0.0,0.0,0.0,323.9316311342715,-0.0
217,14797,D'Andre Swift,DET,RB,21.0,0,RB,weighted,144.173420897036,27.0,3.28980677172737,33.664773245938,101.4,191.55545679987802,5.0,27.842936880959897,54.0,1.42433333333334,99.0,51.918068384283295,35.0,D'Andre Swift,4259545,False,False,D'Andre Swift,RB,DET,5.0,1.0,23.0,4259545,0.0,0.0,0.0,0.0,186.81474004962547,-0.0
51,10261,A.J. Green,CIN,WR,32.0,9,WR,weighted,138.945031771548,28.0,2.55513802688307,11.3176333062625,127.23,155.624697508897,7.0,12.408882285389,79.0,21.496666666666698,69.0,13.7059081203494,81.0,A.J. Green,13983,False,False,A.J. Green,WR,CIN,9.0,1.0,23.0,13983,0.0,0.0,0.0,0.0,172.94657087132694,-0.0
100,12186,Stefon Diggs,BUF,WR,27.0,5,WR,weighted,143.76193755143,27.0,6.03599947110817,12.2671600904579,130.0,160.044772727273,6.0,17.2257880652707,74.0,24.266666666666698,65.0,18.125983338725298,76.0,Stefon Diggs,2976212,False,False,Stefon Diggs,WR,BUF,11.0,1.0,23.0,2976212,0.0,0.0,0.0,0.0,172.94657087132694,-0.0
231,14936,Devin Asiasi,NEP,TE,23.0,0,TE,weighted,57.101121548061705,34.0,2.2158631012638796,17.0547738119674,40.9,81.34161921708191,8.0,-37.3177637734602,243.0,-40.6333333333333,231.0,-29.321699703961897,221.0,Devin Asiasi,4046522,False,False,,,,,1.0,,,0.0,0.0,0.0,0.0,158.48911069098426,-0.0
143,13234,Marlon Mack,IND,RB,24.0,3,RB,weighted,118.841784882596,33.0,2.11005395917445,14.764327801468802,97.4,135.641972477064,7.0,2.51130086651935,96.0,-2.57566666666666,114.0,-3.9954159385305,125.0,Marlon Mack,3139605,False,False,Marlon Mack,RB,IND,7.0,1.0,23.0,3139605,0.0,0.0,0.0,0.0,186.81474004962547,-0.0
203,14122,Darius Slayton,NYG,WR,23.0,1,WR,weighted,118.580090157776,38.0,2.74503714451805,22.6333384515944,94.5,144.173914590747,8.0,-7.95605932838339,135.0,-11.233333333333302,138.0,2.25512520219993,98.0,Darius Slayton,3916945,False,False,Darius Slayton,WR,NYG,11.0,1.0,23.0,3916945,0.0,0.0,0.0,0.0,172.94657087132694,-0.0
1,502,Indianapolis Colts,IND,DST,,50,DST,weighted,107.503264607987,9.0,0.6959654640926372,16.7904680530932,78.0,113.87747706421999,7.0,-10.3009358667738,148.0,-17.0,160.0,-18.845248226477498,183.0,Colts D/ST,ind,False,False,Indianapolis Defense,DEF,IND,7.0,1.0,23.0,ind,0.0,0.0,0.0,0.0,100.72323169214,0.0
84,11680,Jarvis Landry,CLE,WR,28.0,6,WR,weighted,136.272943100235,30.0,4.055977823109711,5.807492299937791,127.125,140.9695,7.0,9.736793614075811,86.0,21.391666666666698,70.0,-0.949289388547385,109.0,Jarvis Landry,16790,False,False,Jarvis Landry,WR,CLE,9.0,1.0,23.0,16790,0.0,0.0,0.0,0.0,172.94657087132694,-0.0
163,13612,Kerryon Johnson,DET,RB,23.0,2,RB,weighted,117.13481617759199,34.0,1.20649824227253,20.766340226980898,85.8,142.539587155963,7.0,0.8043321615150211,103.0,-14.175666666666698,149.0,2.90219874036856,96.0,Kerryon Johnson,3916925,False,False,Kerryon Johnson,RB,DET,5.0,1.0,23.0,3916925,0.0,0.0,0.0,0.0,186.81474004962547,-0.0
82,11678,Allen Robinson,CHI,WR,27.0,6,WR,weighted,151.605585223282,20.0,1.9926794852146101,12.739623129976199,139.9,169.341619217082,5.0,25.0694357371223,60.0,34.1666666666667,49.0,27.422829828534397,59.0,Allen Robinson II,16799,False,False,Allen Robinson,WR,CHI,11.0,1.0,23.0,16799,0.0,0.0,0.0,0.0,172.94657087132694,-0.0
28,529,New Orleans Saints,NOS,DST,,50,DST,weighted,112.943334681654,6.0,2.7051231566887903,15.5949518304733,92.0,123.20779069767401,4.0,-4.86086579310647,123.0,-3.0,116.0,-9.514934593023241,146.0,Saints D/ST,no,False,False,New Orleans Defense,DEF,NO,6.0,1.0,23.0,no,0.0,0.0,0.0,0.0,100.72323169214,0.0
161,13607,Sony Michel,NEP,RB,25.0,2,RB,weighted,115.527990201387,36.0,1.4377737564031698,35.2065942513754,76.3,162.881445934773,7.0,-0.802493814689797,107.0,-23.6756666666667,187.0,23.2440575191786,65.0,Sony Michel,3128721,False,False,Sony Michel,RB,NE,6.0,1.0,23.0,3128721,0.0,0.0,0.0,0.0,186.81474004962547,-0.0
30,531,Baltimore Ravens,BAL,DST,,50,DST,weighted,114.463644043744,5.0,1.8928985902966398,9.964754157718989,97.0,118.18085755813999,4.0,-3.3405564310161298,117.0,2.0,97.0,-14.5418677325581,165.0,Ravens D/ST,bal,False,False,Baltimore Defense,DEF,BAL,8.0,1.0,23.0,bal,0.0,0.0,0.0,0.0,100.72323169214,0.0
29,530,San Francisco 49ers,SFO,DST,,50,DST,weighted,120.70378111633998,2.0,4.34937096237016,15.2365151499473,104.0,132.88100290697702,2.0,2.8995806415801,95.0,9.0,81.0,0.158277616279065,105.0,49ers D/ST,sf,False,False,San Francisco Defense,DEF,SF,11.0,1.0,23.0,sf,0.0,0.0,0.0,0.0,100.72323169214,0.0
117,12658,Sterling Shepard,NYG,WR,27.0,4,WR,weighted,114.35424935474701,41.0,0.7957232610080641,7.502016259761589,108.0,125.188451957295,8.0,-12.181900131412,155.0,2.2666666666666697,96.0,-16.730337431252,176.0,Sterling Shepard,2976592,False,False,Sterling Shepard,WR,NYG,11.0,1.0,23.0,2976592,0.0,0.0,0.0,0.0,172.94657087132694,-0.0
49,9918,Emmanuel Sanders,NOS,WR,33.0,10,WR,weighted,113.984379197846,42.0,2.48395633848179,16.7617452872521,100.1,139.02485765124598,8.0,-12.5517702883131,157.0,-5.63333333333333,122.0,-2.8939317373018394,122.0,Emmanuel Sanders,13295,False,False,Emmanuel Sanders,WR,NO,6.0,1.0,23.0,13295,0.0,0.0,0.0,0.0,172.94657087132694,-0.0
212,14208,Diontae Johnson,PIT,WR,24.0,1,WR,weighted,113.132672989632,43.0,3.32974556164579,16.007738176415803,95.1,133.970480427046,8.0,-13.403476496527,160.0,-10.6333333333333,134.0,-7.948308961501139,138.0,Diontae Johnson,3932905,False,False,Diontae Johnson,WR,PIT,8.0,1.0,23.0,3932905,0.0,0.0,0.0,0.0,172.94657087132694,-0.0
74,11390,Latavius Murray,NOS,RB,30.0,7,RB,weighted,112.994171181141,38.0,2.51099096373201,16.9445505679792,97.727,137.507632618418,7.0,-3.33631283493594,116.0,-2.24866666666667,113.0,-2.12975579717641,120.0,Latavius Murray,15920,False,False,Latavius Murray,RB,NO,6.0,1.0,23.0,15920,0.0,0.0,0.0,0.0,186.81474004962547,-0.0
164,13614,Phillip Lindsay,DEN,RB,26.0,2,RB,weighted,116.328645669251,35.0,0.9715197141446771,8.63357736605254,108.741,129.992427325581,7.0,-0.0018383468252238801,106.0,8.76533333333333,82.0,-9.64496109001334,148.0,Phillip Lindsay,3052117,False,False,Phillip Lindsay,RB,DEN,8.0,1.0,23.0,3052117,0.0,0.0,0.0,0.0,186.81474004962547,-0.0
23,524,Minnesota Vikings,MIN,DST,,50,DST,weighted,112.198156225241,7.0,4.30739050890355,17.845150670006603,89.0,126.17324127907,5.0,-5.60604424951907,125.0,-6.0,124.0,-6.549484011627901,133.0,Vikings D/ST,min,False,False,Minnesota Defense,DEF,MIN,7.0,1.0,23.0,min,0.0,0.0,0.0,0.0,100.72323169214,0.0
170,13633,Christian Kirk,ARI,WR,24.0,2,WR,weighted,116.903800758267,39.0,2.34352344676813,12.0983721290526,103.7,133.971181818182,8.0,-9.63234872789288,147.0,-2.03333333333333,112.0,-7.94760757036556,137.0,Christian Kirk,3895856,False,False,Christian Kirk,WR,ARI,8.0,1.0,23.0,3895856,0.0,0.0,0.0,0.0,172.94657087132694,-0.0
86,11747,James White,NEP,RB,28.0,6,RB,weighted,111.158198796293,39.0,2.32854886175865,12.3683205630073,94.0702215472509,125.36206422018299,7.0,-5.17228521978375,124.0,-5.9054451194157505,123.0,-14.275324195411198,160.0,James White,16913,False,False,James White,RB,NE,6.0,1.0,23.0,16913,0.0,0.0,0.0,0.0,186.81474004962547,-0.0
103,12263,Darren Waller,LVR,TE,28.0,5,TE,weighted,119.78571859598,5.0,13.251702240471301,11.9384987816013,108.0,136.188355113636,4.0,25.366833274458198,59.0,26.466666666666697,60.0,25.5250361925926,61.0,Darren Waller,2576925,False,False,Darren Waller,TE,LV,6.0,1.0,23.0,2576925,0.0,0.0,0.0,0.0,158.48911069098426,-0.0
27,528,Los Angeles Rams,LAR,DST,,50,DST,weighted,116.92103270245501,3.0,1.7953168778398503,19.819130205973398,89.0,131.71175872093,3.0,-0.8831677723055121,108.0,-6.0,124.0,-1.01096656976745,110.0,Rams D/ST,lar,False,False,LA Rams Defense,DEF,LAR,9.0,1.0,23.0,lar,0.0,0.0,0.0,0.0,100.72323169214,0.0
62,10868,Greg Zuerlein,DAL,K,33.0,8,K,weighted,121.336930573269,5.0,6.593754970774911,29.4001494966212,85.037961430278,149.899361128394,1.0,10.657893066778099,84.0,-6.7019802235002,126.0,18.3018791721784,74.0,Greg Zuerlein,14993,False,False,Greg Zuerlein,PK,DAL,10.0,1.0,23.0,14993,0.0,0.0,0.0,0.0,101.308295097445,0.0
151,13354,Harrison Butker,KCC,K,25.0,3,K,weighted,131.053955315076,3.0,7.059032969040491,33.2776342121874,91.9652009509903,165.047900553113,1.0,20.3749178085859,66.0,0.22525929721201998,105.0,33.4504185968974,52.0,Harrison Butker,3055899,False,False,Harrison Butker,PK,KC,10.0,1.0,23.0,3055899,0.0,0.0,0.0,0.0,101.308295097445,0.0
131,13138,Kareem Hunt,CLE,RB,25.0,3,RB,weighted,137.838551848431,29.0,4.11964515923648,14.4838341477295,119.7,158.674885041507,6.0,21.508067832354197,65.0,19.724333333333302,72.0,19.0374966259123,72.0,Kareem Hunt,3059915,False,False,Kareem Hunt,RB,CLE,9.0,1.0,23.0,3059915,0.0,0.0,0.0,0.0,186.81474004962547,-0.0
220,14800,J.K. Dobbins,BAL,RB,22.0,0,RB,weighted,122.86130111356,32.0,4.87300058346581,15.7878842436014,108.4,143.74575810195802,7.0,6.53081709748299,89.0,8.42433333333334,84.0,4.108369686363369,94.0,J.K. Dobbins,4241985,False,False,J.K. Dobbins,RB,BAL,8.0,1.0,23.0,4241985,0.0,0.0,0.0,0.0,186.81474004962547,-0.0
200,14105,Marquise Brown,BAL,WR,23.0,1,WR,weighted,136.506844389096,29.0,1.7087550880953601,21.796420201588898,105.5,155.937636363636,7.0,9.97069490293602,85.0,-0.23333333333334805,108.0,14.018846975089,80.0,Marquise Brown,4241372,False,False,Marquise Brown,WR,BAL,8.0,1.0,23.0,4241372,0.0,0.0,0.0,0.0,172.94657087132694,-0.0
3,504,New England Patriots,NEP,DST,,50,DST,weighted,115.78778760548599,4.0,2.08429824278669,21.1556211818384,94.0,133.575414244186,3.0,-2.0164128692746,111.0,-1.0,110.0,0.8526889534883539,101.0,Patriots D/ST,ne,False,False,New England Defense,DEF,NE,6.0,1.0,23.0,ne,0.0,0.0,0.0,0.0,100.72323169214,0.0
64,10976,Justin Tucker,BAL,K,31.0,8,K,weighted,133.517483879743,1.0,1.37427103497237,28.1732226817657,98.73505782886221,162.157680347931,1.0,22.838446373252697,62.0,6.995116175084009,86.0,30.5601983917149,57.0,Justin Tucker,15683,False,False,Justin Tucker,PK,BAL,8.0,1.0,23.0,15683,0.0,0.0,0.0,0.0,101.308295097445,0.0
173,13646,Michael Gallup,DAL,WR,24.0,2,WR,weighted,133.323235501765,31.0,3.5480386804266,9.655052104317301,122.0,147.206227272727,7.0,6.787086015605481,88.0,16.266666666666698,73.0,5.2874378841798695,92.0,Michael Gallup,4036348,False,False,Michael Gallup,WR,DAL,10.0,1.0,23.0,4036348,0.0,0.0,0.0,0.0,172.94657087132694,-0.0
123,12956,Wil Lutz,NOS,K,26.0,4,K,weighted,133.232470374465,2.0,4.37903565752532,27.2804103127878,98.21666258006641,157.801158088757,1.0,22.553432867974703,63.0,6.4767209262881895,88.0,26.203676132540803,60.0,Wil Lutz,2985659,False,False,Wil Lutz,PK,NO,6.0,1.0,23.0,2985659,0.0,0.0,0.0,0.0,101.308295097445,0.0
115,12650,Tyler Boyd,CIN,WR,26.0,4,WR,weighted,131.110695052486,32.0,3.08239711052073,14.0157007421893,115.065,148.987409090909,7.0,4.57454556632671,93.0,9.33166666666668,80.0,7.0686197023617,88.0,Tyler Boyd,3045144,False,False,Tyler Boyd,WR,CIN,9.0,1.0,23.0,3045144,0.0,0.0,0.0,0.0,172.94657087132694,-0.0
24,525,Tampa Bay Buccaneers,TBB,DST,,50,DST,weighted,108.27826682468901,8.0,0.930728530236365,19.5304023773659,78.0,118.76542151162799,7.0,-9.52593365007142,146.0,-17.0,160.0,-13.9573037790698,159.0,Buccaneers D/ST,tb,False,False,Tampa Bay Defense,DEF,TB,13.0,1.0,23.0,tb,0.0,0.0,0.0,0.0,100.72323169214,0.0
113,12634,Jordan Howard,MIA,RB,26.0,4,RB,weighted,130.798106043414,31.0,9.94656304533666,21.9314934429561,103.3,159.369818181818,6.0,14.467622027337802,77.0,3.32433333333333,94.0,19.732429766223397,71.0,Jordan Howard,3060022,False,False,Jordan Howard,RB,MIA,11.0,1.0,23.0,3060022,0.0,0.0,0.0,0.0,186.81474004962547,-0.0
9,510,Pittsburgh Steelers,PIT,DST,,50,DST,weighted,126.967713678288,1.0,8.155306768890059,25.637266878979997,95.0,144.11925872093,1.0,9.16351320352736,87.0,0.0,106.0,11.3965334302326,83.0,Steelers D/ST,pit,False,False,Pittsburgh Defense,DEF,PIT,8.0,1.0,23.0,pit,0.0,0.0,0.0,0.0,100.72323169214,0.0
206,14136,Deebo Samuel,SFO,WR,24.0,1,WR,weighted,128.439698590191,33.0,0.857068819707919,20.446593535974397,100.6,150.060142348754,8.0,1.90354910403103,98.0,-5.13333333333333,120.0,8.14135296020706,87.0,Deebo Samuel,3126486,False,False,Deebo Samuel,WR,SF,11.0,1.0,23.0,3126486,0.0,0.0,0.0,0.0,172.94657087132694,-0.0
61,10738,Marvin Jones,DET,WR,30.0,8,WR,weighted,124.77371708273199,37.0,7.03177162471019,12.9690829068298,108.2,140.419727272727,8.0,-1.76243240342795,110.0,2.46666666666667,95.0,-1.4990621158201,115.0,Marvin Jones Jr.,15072,False,False,Marvin Jones,WR,DET,5.0,1.0,23.0,15072,0.0,0.0,0.0,0.0,172.94657087132694,-0.0
214,14244,Matt Gay,FA,K,26.0,1,K,weighted,126.65291411880301,4.0,7.703478107977901,6.20082768199025,122.6,130.420588000768,1.0,15.9738766123128,75.0,30.8600583462218,57.0,-1.1768939554480902,112.0,Matt Gay,4249087,False,False,,,,,1.0,,,0.0,0.0,0.0,0.0,101.308295097445,0.0
50,9925,Jimmy Graham,CHI,TE,34.0,10,TE,weighted,55.9975168935956,35.0,3.28969563755691,8.573685107182941,47.658,66.0825978647687,8.0,-38.421368427926296,247.0,-33.8753333333333,218.0,-44.5807210562751,275.0,Jimmy Graham,13232,False,False,,,,,1.0,,,0.0,0.0,0.0,0.0,158.48911069098426,-0.0
80,11674,Brandin Cooks,HOU,WR,27.0,6,WR,weighted,127.286369128522,36.0,5.60946550826829,9.91395953111743,115.781,140.645681818182,8.0,0.750219642362623,104.0,10.0476666666667,79.0,-1.27310757036557,113.0,Brandin Cooks,16731,False,False,Brandin Cooks,WR,HOU,8.0,1.0,23.0,16731,0.0,0.0,0.0,0.0,172.94657087132694,-0.0
46,9662,Julian Edelman,NEP,WR,34.0,11,WR,weighted,127.548362247225,35.0,1.51831914159798,10.0260126420253,112.0,139.334454545455,8.0,1.01221276106531,102.0,6.26666666666667,89.0,-2.5843348430928503,121.0,Julian Edelman,12649,False,False,Julian Edelman,WR,NE,6.0,1.0,23.0,12649,0.0,0.0,0.0,0.0,172.94657087132694,-0.0
114,12647,Will Fuller,HOU,WR,26.0,4,WR,weighted,127.61689729373998,34.0,0.19953160586693697,24.5727577545509,95.8,156.165195729537,8.0,1.08074780758091,101.0,-9.933333333333321,130.0,14.24640634099,79.0,Will Fuller V,3052876,False,False,Will Fuller,WR,HOU,8.0,1.0,23.0,3052876,0.0,0.0,0.0,0.0,172.94657087132694,-0.0
71,11247,Zach Ertz,PHI,TE,30.0,7,TE,weighted,127.90681796462201,4.0,14.293886049385199,10.5680281485234,117.3,141.906174377224,3.0,33.487932643099896,49.0,35.7666666666667,46.0,31.2428554561805,55.0,Zach Ertz,15835,False,False,Zach Ertz,TE,PHI,9.0,1.0,23.0,15835,0.0,0.0,0.0,0.0,158.48911069098426,-0.0
59,10703,Russell Wilson,SEA,QB,32.0,8,QB,weighted,313.977032096059,4.0,7.77769915952859,15.3306723110092,297.34,335.026750499555,3.0,50.4469179533214,32.0,53.5666666666667,30.0,38.463223218627,47.0,Russell Wilson,14881,False,False,Russell Wilson,QB,SEA,6.0,0.9990000000000001,23.0,14881,0.0009999999999998899,0.8053859999999999,0.804580614,252.6198332657449,323.9316311342715,-0.009954599038211411
97,12175,Amari Cooper,DAL,WR,26.0,5,WR,weighted,160.12310038428498,11.0,0.05975534667155099,13.371961795402601,150.5,180.415181818182,5.0,33.5869508981251,46.0,44.7666666666667,37.0,38.4963924296344,46.0,Amari Cooper,2976499,False,False,Amari Cooper,WR,DAL,10.0,0.9990000000000001,23.0,2976499,0.0009999999999998899,1.7259589362609528e-06,1.7242329773246921e-06,0.00027608953011405625,172.94657087132694,-0.012823470487040547
167,13629,Calvin Ridley,ATL,WR,26.0,2,WR,weighted,152.432875658222,18.0,0.598150060731228,11.023482192267899,137.8,166.588612099644,5.0,25.8967261720623,57.0,32.0666666666667,54.0,24.669822711096696,63.0,Calvin Ridley,3925357,False,False,Calvin Ridley,WR,ATL,10.0,0.9990000000000001,23.0,3925357,0.0009999999999998899,1.7259589362607626e-09,1.724232977324502e-09,2.6282979103831174e-07,172.94657087132694,-0.02051369521310268
54,10276,Mark Ingram,BAL,RB,31.0,9,RB,weighted,164.703648550698,24.0,4.003200273091299,22.019456364683105,141.433,196.732204680699,5.0,48.3731645346212,36.0,41.457333333333295,41.0,57.0948162651044,31.0,Mark Ingram II,13981,False,False,Mark Ingram,RB,BAL,8.0,0.9990000000000001,23.0,13981,0.0009999999999998899,2.2110720505363787e-12,2.2088609784858426e-12,3.6380746229788315e-10,186.81474004962547,-0.02211109149892503
175,13671,Mark Andrews,BAL,TE,24.0,2,TE,weighted,131.704657604542,3.0,7.8583893242407905,9.239665560034831,120.7,144.105171818182,3.0,37.285772283019796,42.0,39.1666666666667,42.0,33.4418528971381,53.0,Mark Andrews,3116365,False,False,Mark Andrews,TE,BAL,8.0,0.9990000000000001,23.0,3116365,0.0009999999999998899,0.077672,0.07759432800000002,10.21953440129453,158.48911069098426,-0.026784453086439307
90,11938,Adam Thielen,MIN,WR,30.0,6,WR,weighted,160.061867854473,13.0,3.94997858028665,9.55879473905958,149.9,173.00804545454497,5.0,33.525718368313,48.0,44.1666666666667,38.0,31.0892560659981,56.0,Adam Thielen,16460,False,False,Adam Thielen,WR,MIN,7.0,0.996,23.0,16460,0.0040000000000000036,0.0004314897340652378,0.00042976377512897684,0.06878879258333374,172.94657087132694,-0.05153881206741578
93,12151,Melvin Gordon,DEN,RB,27.0,5,RB,weighted,178.009279812071,19.0,4.25028994120103,43.0929687978364,151.9,242.762265189139,4.0,61.6787957959939,25.0,51.9243333333333,31.0,103.124876773545,17.0,Melvin Gordon,2576434,False,False,Melvin Gordon,RB,DEN,8.0,0.9940000000000001,23.0,2576434,0.005999999999999894,7.370240168454719e-08,7.326018727443992e-08,1.3040993175620498e-05,186.81474004962547,-0.052832761425325975
66,11192,Le'Veon Bell,NYJ,RB,28.0,7,RB,weighted,172.86926287703702,22.0,7.93337981376169,30.099886160753698,147.717,218.65987238632198,4.0,56.538778860960505,30.0,47.7413333333333,33.0,79.02248397072759,22.0,Le'Veon Bell,15825,False,False,LeVeon Bell,RB,NYJ,11.0,0.995,23.0,15825,0.0050000000000000044,4.4221441010727536e-10,4.40003338056739e-10,7.60630527133042e-08,186.81474004962547,-0.06972738586294233
79,11671,Mike Evans,TBB,WR,27.0,6,WR,weighted,168.630600089571,7.0,3.8396987096661497,18.8994160329632,144.1,192.36487544483998,4.0,42.0944506034119,39.0,38.3666666666667,43.0,50.44608605629249,37.0,Mike Evans,16737,False,False,Mike Evans,WR,TB,13.0,0.9640000000000001,23.0,16737,0.03599999999999992,0.011985825946256632,0.011554336212191395,1.9484146490984957,172.94657087132694,-0.15537494814321337
127,13129,Leonard Fournette,TBB,RB,25.0,3,RB,weighted,173.539613684952,21.0,4.520923458506959,56.080790157741795,131.3,255.654045503965,4.0,57.209129668875505,29.0,31.3243333333333,56.0,116.01665708837,12.0,Leonard Fournette,3115364,False,False,Leonard Fournette,RB,TB,13.0,0.9840000000000001,23.0,3115364,0.015999999999999903,4.606400105284227e-06,4.53269770359968e-06,0.0007866026084333576,186.81474004962547,-0.21240202183477422
96,12171,David Johnson,HOU,RB,29.0,5,RB,weighted,181.32232380325297,18.0,5.32850086882459,16.7533716109398,164.1,205.262269006568,4.0,64.9918397871767,24.0,64.1243333333334,24.0,65.6248805909731,28.0,David Johnson,2508176,False,False,David Johnson,RB,HOU,8.0,0.9279999999999999,23.0,2508176,0.07200000000000006,0.10505382469632,0.09748994931818496,17.677104157834655,186.81474004962547,-0.39545396973882035
221,14802,Jonathan Taylor,IND,RB,21.0,0,RB,weighted,165.16811757585302,23.0,0.8201718295559319,20.219801170582897,145.2,186.77914311926602,5.0,48.8376335597765,35.0,45.2243333333333,35.0,47.141754703671296,39.0,Jonathan Taylor,4242335,False,False,Jonathan Taylor,RB,IND,7.0,0.971,23.0,4242335,0.029000000000000026,0.007563875378135047,0.007344522992169131,1.2130810371091467,186.81474004962547,-0.6277520517394017
147,13299,George Kittle,SFO,TE,27.0,3,TE,weighted,152.306185953486,2.0,22.5004481689042,12.409957201301301,132.3,166.016090909091,2.0,57.8873006319641,27.0,50.7666666666667,32.0,55.3527719880472,33.0,George Kittle,3040151,False,False,George Kittle,TE,SF,11.0,0.867,23.0,3040151,0.133,0.584,0.506328,77.11688652145665,158.48911069098426,-0.8223289900872698
133,13146,James Conner,PIT,RB,25.0,3,RB,weighted,183.956831127783,17.0,4.291029320120799,18.0141276783048,169.2,210.09730604186402,4.0,67.62634711170611,22.0,69.2243333333333,20.0,70.4599176262694,27.0,James Conner,3045147,False,False,James Conner,RB,PIT,8.0,0.6559999999999999,23.0,3045147,0.3440000000000001,0.9513676799999999,0.6240971980799999,114.80694287452508,186.81474004962547,-0.9831206691138084
138,13163,Chris Godwin,TBB,WR,24.0,3,WR,weighted,167.720379179946,8.0,6.02745856401955,15.845198484054599,152.4,188.723681818182,4.0,41.1842296937861,40.0,46.6666666666667,34.0,46.8048924296344,40.0,Chris Godwin,3116165,False,False,Chris Godwin,WR,TB,13.0,0.782,23.0,3116165,0.21799999999999997,0.5911919673599999,0.46231211847551995,77.53916381019833,172.94657087132694,-1.1393097887210433
