,playerId,player,team,position,age,exp,bye,points,lower,upper,sdPts,positionRank,dropoff,tier,ptSpread,overallECR,positionECR,sdRank,risk,sleeper,vor,overallRank,vorLow,vorHigh,adp,auctionValue,adpDiff,cost,ppdollar,espnid,espnname
0,2557997,Christian McCaffrey,CAR,RB,24.0,3.0,,288.36117048245,264.119189269747,302.22575036293097,15.533180242088001,1,25.840324721836602,1.0,38.106561093184204,1.3,1.2,0.8,2.03145763101039,,177.22013643136398,1,168.021727769498,177.420774162016,1.9333,67.5,-0.9333,75,3.84481560643266,3117251.0,Christian McCaffrey
1,2560968,Saquon Barkley,NYG,RB,23.0,2.0,,268.68407998531,244.35499254843498,296.986985430997,24.1896494821168,2,21.4540678365339,1.0,52.631992882562294,2.2,2.2,0.7,1.99779512742692,,157.54304593422398,2,148.25753104818702,172.182009230082,2.0467,61.78,-0.0467,68,3.9512364703722,3929630.0,Saquon Barkley
2,2555224,Ezekiel Elliott,DAL,RB,25.0,4.0,,256.35761153591596,238.53919523099898,278.376831594635,17.108524603260502,3,19.356678112601198,2.0,39.8376363636363,3.2,3.1,0.9,2.06512013459385,,145.21657748483,3,142.44173373075,153.57185539372,3.4967,57.11,-0.4967,63,4.06916843707804,3051392.0,Ezekiel Elliott
3,2556075,Derrick Henry,TEN,RB,26.0,4.0,,238.102412761636,217.315797317437,246.640251862891,12.139291022013099,4,8.496094325638749,3.0,29.3244545454545,5.4,4.8,1.8,2.36808266684504,,126.96137871055001,4,121.21833581718799,121.835275661976,16.4267,45.94,-12.4267,51,4.66867476003207,3043078.0,Derrick Henry
4,2557991,Dalvin Cook,MIN,RB,25.0,3.0,,235.899454084995,217.707600596125,247.83387332339802,13.109354768073402,5,17.7948669571435,3.0,30.126272727272703,6.6,5.9,2.2,2.50273268117891,,124.75842003390899,5,121.610139095877,123.028897122483,7.76,50.67,-2.76,56,4.212490251517759,3116593.0,Dalvin Cook
5,2558019,Alvin Kamara,NO,RB,24.0,3.0,,223.31318278699902,209.44739195231003,238.697956365121,14.719973444919699,6,11.114726181531301,4.0,29.2505644128114,6.1,5.8,1.2,2.16610764534425,,112.17214873591298,6,113.349930452062,113.89298016420601,4.0033,53.83,1.9967,60,3.72188637978332,3054850.0,Alvin Kamara
6,2562377,Josh Jacobs,LVR,RB,50.0,1.0,,212.89599146870302,186.77719821162398,236.76171778457802,21.798344537021197,7,1.68664052427062,4.0,49.9845195729537,11.7,8.9,2.1,2.46907017759544,,101.75495741761699,7,90.6797367113761,111.956741583663,20.1667,41.94,-13.1667,47,4.529701946142611,4047365.0,Josh Jacobs
7,2558116,Aaron Jones,GB,RB,26.0,3.0,,211.500921742233,186.4,230.358581222057,18.510577504784397,8,0.6312405391309139,4.0,43.9585812220566,20.1,12.1,2.3,2.53639518476237,,100.35988769114701,8,90.30253849975159,105.553605021142,20.8,36.5,-12.8,41,5.158559066883741,3042519.0,Aaron Jones
8,2562722,Miles Sanders,PHI,RB,50.0,1.0,,210.917780146631,190.316393442623,226.086080739991,18.341732569878303,9,0.7091575709123671,4.0,35.7696872973677,18.1,11.3,2.2,2.50273268117891,,99.77674609554519,9,94.2189319423746,101.281104539076,26.14,42.44,-17.14,47,4.48761234354534,4045163.0,Miles Sanders
9,2557976,Joe Mixon,CIN,RB,24.0,3.0,,210.821582259574,190.1,229.53199105812197,18.189437753540197,10,1.42681083758492,4.0,39.4319910581222,11.0,8.6,2.4,2.57005768834584,,99.6805482084876,10,94.00253849975158,104.727014857207,13.1233,41.22,-3.1233,46,4.5830778752081205,3116385.0,Joe Mixon
10,2561021,Nick Chubb,CLE,RB,25.0,2.0,,209.595662891864,186.023397913562,227.295943368107,17.2444357444831,11,4.35082679663341,4.0,41.272545454545394,10.6,8.5,2.0,2.43540767401198,,98.4546288407781,11,89.92593641331351,102.490967167192,12.31,36.17,-1.31,40,5.2398915722965995,3128720.0,Nick Chubb
11,2564271,Clyde Edwards-Helaire,KC,RB,50.0,0.0,,209.193879952113,201.7,216.53335608509101,7.385917533117841,12,11.1887547676788,5.0,14.833356085091,13.3,9.1,2.8,2.7047077026797,,98.05284590102741,12,105.602538499752,91.7283798841761,11.22,47.83,0.7799999999999989,53,3.94705433871912,4242214.0,Clyde Edwards-Helaire
12,2560757,Lamar Jackson,BAL,QB,23.0,2.0,,346.09312378021303,336.34500745156504,365.360896787108,13.733611305663599,1,24.133235247965,1.0,29.015889335543605,32.3,1.8,0.7,2.8831455842765896,,96.223973864565,13,109.597772677476,96.0080676167159,42.3867,37.17,-29.3867,41,8.44129570195642,3916387.0,Lamar Jackson
13,2555230,Kenyan Drake,ARI,RB,,4.0,,201.295792238348,176.7,217.05548733233996,17.897520796645697,13,10.032783791475,5.0,40.3554873323398,21.7,12.4,3.0,2.7720327098466404,,90.154758187262,14,80.6025384997516,92.25051113142479,35.7767,41.0,-21.7767,46,4.37599548344235,2979843.0,Kenyan Drake
14,2558125,Patrick Mahomes,KC,QB,,3.0,,338.238452483201,322.203397913562,354.38682140110603,17.727251882450698,2,34.2200150682465,1.0,32.1834234875445,26.2,1.4,0.5,3.160760715639,,88.36930256755251,15,95.4561631394727,85.0339922307139,16.7967,40.39,-1.7967,45,7.51641005518224,3139477.0,Patrick Mahomes
15,2556370,Michael Thomas,NO,WR,26.0,4.0,,207.06216033776198,189.46147345454497,217.02815305406799,13.089929235450802,1,16.7302924191343,1.0,27.5666795995227,9.8,1.4,1.0,2.6194523613880296,,84.48653571824059,16,89.0850448723299,78.10715427802259,8.36,47.11,7.64,52,3.98196462188004,2976316.0,Michael Thomas
16,2559169,Austin Ekeler,LAC,RB,,,,194.71445813052102,168.58479880775,223.03310616781897,23.2733453968473,14,7.00226682475756,6.0,54.4483073600689,29.2,14.8,2.6,2.63738269551277,,83.5734240794352,17,72.4873373075012,98.2281299669035,30.88,43.11,-13.88,48,4.05655121105252,3068267.0,Austin Ekeler
17,2552475,Todd Gurley,ATL,RB,26.0,5.0,,187.81155876322498,164.0,205.315998509687,17.3551691447073,15,1.41195843720519,6.0,41.315998509687,36.9,17.4,3.5,2.94034522776396,,76.6705247121388,18,67.9025384997516,80.511022308772,24.7267,24.56,-6.7267,28,6.707555670115171,2977644.0,Todd Gurley II
18,2558865,Chris Carson,SEA,RB,26.0,3.0,,187.612823848302,169.1,207.227089418778,19.3285944743966,16,5.2472854918672995,6.0,38.1270894187779,31.4,15.6,2.9,2.73837020626317,,76.4717897972164,19,73.0025384997516,82.422113217863,28.0767,27.56,-9.0767,31,6.0520265757516905,3919596.0,Chris Carson
19,2557973,Leonard Fournette,JAC,RB,24.0,3.0,,185.186376803737,150.5,204.67129981105302,23.541083460773603,17,7.618306452212781,6.0,54.1712998110532,41.9,18.9,3.4,2.9066827241805,,74.045342752651,20,54.40253849975161,79.86632361013821,30.5,25.72,-10.5,29,6.3857371311633395,3115364.0,Leonard Fournette
20,2543495,Davante Adams,GB,WR,28.0,6.0,,194.296028235531,184.482800298063,198.533556173131,5.560950642561081,2,8.39842915741562,2.0,14.0507558750683,11.6,2.4,1.0,2.6194523613880296,,71.7204036160095,21,84.10637171584699,59.6125573970853,11.3533,40.83,9.6467,45,4.3176895163451405,16800.0,Davante Adams
21,2540175,LeVeon Bell,NYJ,RB,28.0,7.0,,179.544699909133,159.3,203.535415457887,19.378506590335103,18,5.32468146254962,6.0,44.2354154578867,50.9,21.5,3.6,2.9740077313474305,,68.4036658580472,22,63.202538499751604,78.7304392569717,28.06,24.5,-6.06,27,6.64980370033826,15825.0,Le'Veon Bell
22,2540258,Travis Kelce,KC,TE,31.0,7.0,,165.734934942541,154.353800298063,175.882345752608,10.3759334565979,1,22.655424119661603,1.0,21.528545454545498,17.6,1.2,0.4,1.7872346516111397,,66.1872031958683,23,72.3846000993542,63.2941752710584,17.81,31.39,5.19,35,4.73528385550116,15847.0,Travis Kelce
23,2553435,David Johnson,HOU,RB,29.0,5.0,,175.59144079391498,161.461997019374,193.79563534159303,16.4490150614862,19,4.09209243097638,6.0,32.3336383222186,47.9,20.6,3.7,3.0076702349308997,,64.4504067428292,24,65.3645355191257,68.99065914067761,35.5867,23.67,-11.5867,27,6.50338669607093,2508176.0,David Johnson
24,2556214,Tyreek Hill,KC,WR,26.0,4.0,,186.36770760172502,163.833126560685,208.38410172129102,22.636991601484798,3,6.476279694997491,2.0,44.55097516060639,13.1,3.2,1.2,2.65702094324169,,63.792082982203205,25,63.4566979784694,69.4631029452458,13.8667,35.11,11.1333,39,4.77865916927499,3116406.0,Tyreek Hill
25,2495454,Julio Jones,ATL,WR,31.0,9.0,,185.427490554506,172.19279880775002,191.088643116212,7.442657459900239,4,12.7824845032733,2.0,18.895844308461896,14.2,3.6,1.2,2.65702094324169,,62.8518659349845,26,71.816370225534,52.1676443401659,15.1567,36.33,10.8433,40,4.635687263862651,13982.0,Julio Jones
26,2557978,James Conner,PIT,RB,25.0,3.0,,172.848596099252,158.000596125186,186.58479573968498,14.509690266439199,20,6.51302931555261,7.0,28.584199614499102,42.2,18.9,3.5,2.94034522776396,,61.707562048165904,27,61.9031346249379,61.7798195387704,23.43,27.72,3.57,31,5.575761164491991,3045147.0,James Conner
27,2552469,Melvin Gordon,DEN,RB,27.0,5.0,,170.150100626626,148.669001490313,188.07412604547298,19.7296856472379,21,10.020247086476001,7.0,39.4051245551601,45.7,20.1,2.9,2.73837020626317,,59.009066575539705,28,52.5715399900646,63.26914984455811,37.7567,21.94,-9.7567,25,6.80600402506503,2576434.0,Melvin Gordon
28,2532975,Russell Wilson,SEA,QB,32.0,8.0,,305.681324581296,285.7,323.029762146051,14.5611789230271,3,7.006650540949581,2.0,37.329762146050705,59.5,4.7,1.2,3.23887155791897,,55.8121746656473,29,58.952765225910795,53.676932975658204,66.6333,19.33,-37.6333,22,13.8946056627862,14881.0,Russell Wilson
29,2558266,George Kittle,SF,TE,27.0,3.0,,155.172863277271,147.044712848812,162.182750497384,7.1272104723973895,2,25.4360548858248,2.0,15.138037648571201,18.7,1.9,0.5,1.83801357471655,,55.625131530599006,30,65.0755126501041,49.594580015834,24.8467,28.61,5.1533,32,4.8491519774147305,3040151.0,George Kittle
30,2555260,Dak Prescott,DAL,QB,27.0,4.0,,302.35555024861304,276.146199701937,319.67303801389596,16.2142389402182,4,12.947990530450499,2.0,43.5268383119588,53.8,3.4,0.9,3.2341523960870804,,52.48640033296479,31,49.398964927848205,50.32020884350371,77.4733,21.5,-46.4733,22,13.743434102209699,2577417.0,Dak Prescott
31,2558052,Kenny Golladay,DET,WR,27.0,3.0,,174.35536525894798,158.98479880775,189.49123979948502,13.523818970015302,5,5.07800276759477,3.0,30.506440991735502,21.6,6.9,1.6,2.73215810694902,,51.77974063942679,32,58.608370225534,50.5702410234396,36.2867,25.39,-4.2867,26,6.705975586882629,2974858.0,Kenny Golladay
32,2562734,Devin Singletary,BUF,RB,50.0,1.0,,162.52103294077298,126.969597615499,198.374081601264,33.6895339872735,22,5.69793171784298,7.0,71.4044839857651,70.6,27.0,4.1,3.14232024926476,,51.379998889686796,33,30.872136115250896,73.5691054003494,61.9367,17.5,-28.9367,18,9.02894627448737,4040761.0,Devin Singletary
33,2540165,DeAndre Hopkins,ARI,WR,28.0,7.0,,170.934646843517,148.328846545455,191.54977081310398,20.1492874390888,6,3.3155515036043,3.0,43.2209242676494,22.1,7.3,3.3,3.05149105270516,,48.3590222239955,34,47.952417963239,52.628772037058404,12.8533,37.17,21.1467,38,4.49828018009256,15795.0,DeAndre Hopkins
34,2562502,David Montgomery,CHI,RB,50.0,1.0,,157.738674139527,140.04679582712401,176.478243229834,22.036624386182698,23,2.6823241660665897,7.0,36.4314474027101,57.4,23.5,4.3,3.2096452564316897,,46.597640088440706,35,43.949334326875295,51.67326702891889,44.5733,16.72,-9.5733,17,9.27874553761921,4035538.0,David Montgomery
35,2558063,Deshaun Watson,HOU,QB,25.0,3.0,,294.993797832079,285.021997019374,317.857625489385,14.9885686660655,5,14.8199268713907,2.0,32.8356284700107,63.4,5.4,1.6,3.5006674976184797,,45.1246479164307,36,58.2747622452849,48.5047963189924,56.3933,18.11,-20.3933,19,15.525989359583098,3122840.0,Deshaun Watson
36,2543468,Mike Evans,TB,WR,27.0,6.0,,167.62007813918999,141.68479880774998,189.45363252939302,18.7335838179013,7,2.91394017173945,3.0,47.768833721643496,26.0,9.2,2.8,2.957569598071,,45.0444535196686,37,41.308370225534,50.532633753347504,27.2533,23.5,9.7467,24,6.98416992246626,16737.0,Mike Evans
37,2558105,Chris Godwin,TB,WR,24.0,3.0,,167.618112540635,150.861997019374,183.62268736912603,15.731154031748,8,6.42741294774009,3.0,32.7606903497521,18.7,5.9,1.8,2.7697266888026806,,45.042487921113796,38,50.4855684371585,44.701688593080505,29.5567,28.83,8.4433,29,5.779934915194321,3116165.0,Chris Godwin
38,2553728,Raheem Mostert,SF,RB,,,,155.907528306333,133.415797317437,174.870885934135,21.5071551030548,24,3.2000670871212,8.0,41.4550886166985,63.1,25.0,3.7,3.0076702349308997,,44.7664942552469,39,37.3183358171883,50.0659097332202,49.74,16.44,-10.74,17,9.171031076843109,2576414.0,Raheem Mostert
39,2495466,Mark Ingram,BAL,RB,31.0,9.0,,154.205171640587,135.54399999999998,164.571185026089,11.9670949183459,25,5.22592885840763,8.0,29.027185026089303,53.0,22.2,4.1,3.14232024926476,,43.06413758950129,40,39.446538499751604,39.766208825174395,44.6433,14.5,-4.6433,15,10.2803447760391,13981.0,Mark Ingram II
40,2564148,Jonathan Taylor,IND,RB,50.0,0.0,,151.209750797836,138.216393442623,164.0426443743,13.2811150903709,26,7.88846768262292,8.0,25.826250931677,46.4,19.8,5.1,3.47894528509942,,40.068716746750106,41,42.1189319423746,39.237668173385,39.715,19.11,1.285,20,7.5604875398918,4242335.0,Jonathan Taylor
41,2562238,A.J. Brown,TEN,WR,,1.0,,161.794163394266,146.861997019374,178.91215256714298,13.7375853727684,9,1.70520692976046,3.0,32.050155547768604,,,,,,39.2185387747445,42,46.4855684371585,39.991153791097105,42.6,17.22,-0.600000000000001,18,8.988564633014779,4047646.0,A.J. Brown
42,2543496,Odell Beckham,CLE,WR,28.0,6.0,,160.587235791525,147.02339791356198,179.034632008107,15.5469560375604,10,2.40737567502825,4.0,32.0112340945455,32.4,12.6,3.5,3.08905963455883,,38.011611172002894,43,46.646969331346206,40.1136332320617,26.28,21.28,16.72,22,7.29941980870566,16733.0,Odell Beckham Jr.
43,2552487,Amari Cooper,DAL,WR,26.0,5.0,,159.59067713748698,150.7,174.51294386776902,12.4444703720139,11,2.84470699193662,4.0,23.812943867768603,32.1,12.6,3.6,3.1078439254856605,,37.0150525179652,44,50.32357141778439,35.591945091723,37.87,19.44,6.13,20,7.9795338568743395,2976499.0,Amari Cooper
44,2563965,D'Andre Swift,DET,RB,50.0,0.0,,146.748734766523,129.842394932936,165.67584947838998,15.9787688781914,27,7.8510425397298595,8.0,35.8334545454545,72.9,27.4,4.5,3.27697026359862,,35.607700715437396,45,33.7449334326875,40.8708732774755,57.575,14.72,-12.575,15,9.783248984434891,4259545.0,D'Andre Swift
45,2541785,Adam Thielen,MIN,WR,30.0,6.0,,156.769043095506,146.75087427287,168.750882005539,9.65201225141151,12,0.5469851574158611,4.0,22.0000077326686,33.1,12.9,3.8,3.1454125073393198,,34.1934184759842,47,46.3744456906543,29.829883229493,32.6067,19.28,14.3933,20,7.838452154775291,,
46,2560813,D.J. Moore,CAR,WR,23.0,2.0,,156.722897195595,135.887347044221,180.499067774361,20.1005425515896,13,1.75597558520883,4.0,44.6117207301403,35.1,14.2,4.3,3.23933396197348,,34.147272576073,48,35.51091846200529,41.5780689983156,47.8667,21.11,0.133299999999998,22,7.123768054345209,,
47,2562382,Kyler Murray,ARI,QB,50.0,1.0,,283.821321604246,261.602967391304,307.296059910581,25.7874052986093,6,8.85417699762576,3.0,45.693092519276895,60.6,5.0,1.3,4.38396157220099,,33.9521716885978,49,34.855732617215196,37.943230740188795,71.3267,20.89,-22.3267,21,13.5153010287736,,
48,2560888,Courtland Sutton,DEN,WR,25.0,2.0,,155.721218680585,139.527464727273,183.953773550944,21.4254673734873,14,1.53453726861332,4.0,44.4263088236716,48.6,21.3,4.9,3.35203970753447,,33.1455940610637,51,39.1510361450571,45.0327747748987,75.4833,15.17,-24.4833,16,9.73257616753658,,
49,2558149,JuJu Smith-Schuster,PIT,WR,24.0,3.0,,154.212624540186,147.920599105812,160.442165045638,8.98018770030383,15,0.054333161334597,4.0,12.521565939825301,35.9,14.7,4.0,3.18298108919299,,31.6369999206646,52,47.5441705235966,21.521166269591898,31.4267,19.89,20.5733,20,7.710631227009309,,
50,2557898,Cooper Kupp,LAR,WR,27.0,3.0,,154.16073828375798,138.135997019374,171.997287901368,15.3257182757427,16,0.8504693113609109,4.0,33.8612908819943,42.7,18.5,4.5,3.2769025438271497,,31.5851136642361,53,37.7595684371585,33.0762891253228,43.0433,21.72,9.9567,22,7.007306285625349,,
51,2540169,Robert Woods,LAR,WR,28.0,7.0,,154.155844473946,138.042329794431,168.59703911423,12.8185553588015,17,2.18231113777455,4.0,30.5547093197989,42.0,17.8,4.3,3.23933396197348,,31.580219854424,54,37.6659012122156,29.6760403381845,53.85,16.67,0.149999999999999,17,9.06799085140856,,
52,2560957,Mark Andrews,BAL,TE,24.0,2.0,,130.986158368487,118.430998509687,139.18135396423202,9.040300502709481,3,7.72221054705896,3.0,20.7503554545454,30.1,3.1,0.5,1.83801357471655,,31.4384266218145,55,36.4617983109787,26.5931834826828,71.2367,15.22,-16.2367,16,8.18663489803043,,
53,2552409,DeVante Parker,MIA,WR,27.0,5.0,,152.464693470848,132.747997019374,171.594472493093,19.366544655201302,18,0.9853551089661321,4.0,38.846475473719,53.5,23.4,4.4,3.25811825290031,,29.8890688513263,56,32.3715684371585,32.6734737170475,59.345,11.72,-3.345,12,12.705391122570699,,
54,2540158,Zach Ertz,PHI,TE,30.0,7.0,,128.487458414406,111.85179880775,140.524956802138,12.4662086931635,4,14.8351883629651,3.0,28.6731579943888,46.3,4.1,0.7,1.9395714209273898,,28.939726667733897,57,29.8825986090412,27.936786320588798,44.0233,15.83,12.9767,16,8.03046615090039,,
55,2543509,Allen Robinson,CHI,WR,27.0,6.0,,151.482373201494,139.433068106408,165.470223143693,12.0146879995103,19,0.112123824700859,4.0,26.037155037284602,31.8,12.4,4.1,3.2017653801198196,,28.906748581972604,58,39.0566395241925,26.5492243676471,46.9833,22.33,11.0167,23,6.5861901391954,,
56,2552430,Tyler Lockett,SEA,WR,28.0,5.0,,151.476303522269,139.628997019374,161.29461829742,9.04305183260265,20,2.44163351896117,4.0,21.6656212780457,44.3,19.0,3.7,3.12662821641249,,28.900678902747803,59,39.2525684371585,22.3736195213742,53.8167,13.67,5.1833,14,10.8197359658764,,
57,2560770,Ronald Jones,TB,RB,23.0,2.0,,139.893831463903,114.93880029806299,153.466469337209,16.7963295263274,28,2.89252180772911,8.0,38.5276690391459,80.0,29.4,5.7,3.68092030660021,19.0,28.752797412816896,60,18.8413387978142,28.6614931362935,99.9,13.61,-39.9,14,9.99241653313591,,
58,2560854,Calvin Ridley,ATL,WR,26.0,2.0,,151.26419523131702,135.621495272727,163.15285370656,11.529764302244502,21,5.5411664418977,4.0,27.531358433832803,38.6,16.2,3.9,3.1641967982661496,,28.6885706117955,61,35.245066690511706,24.231854930514498,52.3433,19.5,8.6567,20,7.563209761565861,,
59,2557917,Kareem Hunt,CLE,RB,25.0,3.0,,137.90155298968398,116.623994038748,152.322755463814,14.089382405127001,29,7.54472055881328,9.0,35.6987614250658,80.8,30.0,3.5,2.94034522776396,34.0,26.7605189385982,62,20.5265325384998,27.517779262898898,77.4033,16.11,-15.4033,17,8.111856058216711,,
60,2560955,Josh Allen,BUF,QB,24.0,2.0,,276.526420317131,272.41520119225,291.536303021271,7.80597377761241,7,6.2012827951387,3.0,19.1211018290205,76.9,8.1,1.9,2.96849401890054,,26.657270401482396,63,45.6679664181612,22.1834738508784,105.1367,12.11,-42.1367,13,21.2712631013177,,
61,2558245,Harrison Butker,KC,K,25.0,3.0,,155.84965246052099,148.114234781066,165.98608877707,10.911368365280302,1,1.68322687262153,1.0,17.8718539960043,170.7,1.6,0.6,0.877811715147465,,26.190366174513102,64,27.8783283626612,25.5083473667271,125.5967,2.86,-61.5967,3,51.9498841535071,,
62,2564319,Cam Akers,LAR,RB,50.0,0.0,,136.101066322663,117.823994038748,150.123731738465,14.601700207097002,30,15.7806900194229,9.0,32.2997376997166,73.8,27.8,5.3,3.5462702922663505,22.0,24.9600322715773,65,21.7265325384998,25.3187555375498,61.38,13.33,3.62,14,9.72150473733309,,
63,2536340,Justin Tucker,BAL,K,31.0,8.0,,154.17661666152398,134.81,165.221777788644,12.179530706453303,2,4.28546401303714,1.0,30.411777788644,172.3,1.7,0.7,1.0170748328789698,,24.5173303755162,66,14.5740935815955,24.744036378301,124.85,2.86,-58.85,3,51.3922055538414,,
64,2556601,Wil Lutz,NO,K,26.0,4.0,,154.15623451427498,143.76,160.999337141168,7.4906077598150596,3,12.042027687177999,1.0,17.2393371411682,182.2,3.2,0.9,1.29560106834198,,24.496948228267,67,23.5240935815955,20.5215957308253,137.2433,2.14,-70.2433,3,51.3854115047583,,
65,2562489,Terry McLaurin,WAS,WR,50.0,1.0,,146.805144775299,129.961997019374,160.961011965993,12.3090462039992,22,2.39546589249395,4.0,30.9990149466192,46.1,19.9,4.9,3.35203970753447,,24.229520155777802,68,29.5855684371585,22.0400131899477,58.4,13.5,9.6,14,10.4860817696642,,
66,2504775,Drew Brees,NO,QB,41.0,19.0,,273.40786889611,255.44,290.53901997019403,14.477819665866699,8,6.921252758844839,3.0,35.0990199701938,91.9,10.5,2.3,3.83659819729598,,23.538718980461802,69,28.6927652259108,21.186190799801302,80.6767,10.67,-11.6767,11,24.855260808737302,,
67,2532865,T.Y. Hilton,IND,WR,31.0,8.0,,144.640912803539,130.7,155.57263338301001,11.386028533627698,23,0.470404385409211,5.0,24.872633383010502,58.2,25.6,4.1,3.2017653801198196,,22.065288184017895,70,30.3235714177844,16.6516346069648,63.2733,10.44,6.7267,11,13.1491738912309,,
68,2540154,Keenan Allen,LAC,WR,28.0,7.0,,144.17844496207198,134.443159101335,154.888627286276,9.59805077368409,24,0.188103283944457,5.0,20.4454681849403,58.1,25.4,4.7,3.3144711256808104,,21.602820342549897,71,34.0667305191197,15.967628510229998,50.0667,14.44,20.9333,15,9.61189633080477,,
69,2561018,D.J. Chark,JAC,WR,24.0,2.0,,144.16257187418898,130.361997019374,164.594127962629,15.4931709290237,25,1.21375756732016,5.0,34.2321309432546,49.0,21.5,4.2,3.22054967104665,,21.586947254667397,72,29.9855684371585,25.6731291865831,58.24,14.06,13.76,15,9.61083812494593,,
70,2552608,Stefon Diggs,BUF,WR,27.0,5.0,,143.81811148206498,125.976602086438,155.964279272554,12.821668516129199,26,4.4733191037858795,5.0,29.9876771861157,60.4,26.5,4.1,3.2017653801198196,,21.2424868625436,73,25.600173504222603,17.0432804965083,57.5267,10.44,15.4733,11,13.074373771096802,,
71,2562685,DK Metcalf,SEA,WR,50.0,1.0,,142.079517131673,119.577198211624,165.57354992848,21.5710926256989,27,6.9222185463049195,5.0,45.9963517168554,,,,,,19.503892512150898,74,19.2007696294089,26.652551152434203,78.23,15.39,-4.23,16,8.87996982072953,,
72,2552408,Darren Waller,LVR,TE,28.0,5.0,,118.04043722844999,104.85519970193701,129.437924818341,12.2614150662904,5,10.886188810029099,4.0,24.582725116403605,59.3,5.7,1.5,2.34580280577073,,18.492705481777197,75,22.885999503228998,16.849754336791403,60.09,11.44,14.91,12,9.83670310237079,,
73,2504211,Tom Brady,TB,QB,43.0,20.0,,267.24240614787396,220.988870772947,295.522040834575,31.887857398912,9,3.7949028732495,3.0,74.53317006162841,97.4,11.7,2.5,5.63718270347783,,17.3732562322256,76,-5.758364001142301,26.169211664182896,95.24,11.94,-19.24,12,22.270200512322802,,
74,2534797,Greg Zuerlein,DAL,K,33.0,8.0,,145.626070782699,134.54,154.19882645523998,9.627277609562881,4,10.252430439808698,1.0,19.6588264552403,187.8,4.0,0.8,1.15633795061047,,15.966784496691199,77,14.304093581595499,13.721085044897402,136.3333,2.0,-59.3333,2,72.81303539134959,,
75,2506363,Aaron Rodgers,GB,QB,37.0,15.0,,265.730826126657,256.52400119225,281.005855737705,10.6955272216476,10,5.645750374640389,4.0,24.481854545454503,103.1,13.0,3.1,3.90995152118558,,15.861676211008199,78,29.776766418161202,11.6530265673125,86.7967,9.83,-8.7967,10,26.5730826126657,,
76,100029,49ers,SF,DST,,,,184.71173602975898,105.93,192.80046511627899,45.2812742572933,1,10.331801277733,1.0,86.87046511627909,141.9,,,8.63045109646174,,14.4615221325001,79,1.09351217088923,7.92781007751938,93.26,3.4,-14.26,4,46.177934007439795,,
77,2495450,A.J. Green,CIN,WR,32.0,9.0,,136.610067624886,121.25180029806299,147.655763355273,11.183515907544802,28,3.2326406819885802,5.0,26.403963057210003,70.0,30.2,4.7,3.3144711256808104,,14.034443005364402,81,20.875371715847002,8.734764579227,75.4,7.06,5.599999999999991,8,17.0762584531108,,
78,2555418,Jordan Howard,MIA,RB,26.0,4.0,,124.612598539079,96.7543964232489,148.230793471498,25.2346151570208,31,9.3324605304405,9.0,51.476397048249105,88.9,32.3,4.4,3.2433077600151603,33.0,13.471564487992598,82,0.656934923000492,23.425817270583,87.6767,6.94,-5.6767,7,17.8017997912969,,
79,2555259,Carson Wentz,PHI,QB,28.0,4.0,,261.164180422592,239.18,276.78696482861403,15.216462361393,11,7.213675556329241,4.0,37.606964828614004,87.3,9.6,1.9,3.6880186943281297,24.0,11.295030506944,84,12.432765225910801,7.43413565822158,87.2967,11.72,-3.2967,12,21.7636817018827,,
80,2560735,Michael Gallup,DAL,WR,24.0,2.0,,133.704529545849,120.46199701937401,143.497742446823,9.84092016356933,29,1.90070054362744,5.0,23.035745427448898,65.2,28.5,5.3,3.4271768712417994,53.0,11.1289049263275,86,20.0855684371585,4.57674367077735,90.7933,6.56,-4.7933,7,19.100647077978397,,
81,2543488,Jarvis Landry,CLE,WR,28.0,6.0,,133.050324339946,124.097399403875,138.849746516827,6.35540360850545,30,4.00813411750275,6.0,14.7523471129519,71.5,30.9,3.7,3.12662821641249,57.0,10.4746997204242,88,23.720970821659197,-0.0712522592189089,82.4733,6.56,5.52670000000001,7,19.0071891914208,,
82,71265,Jared Cook,NO,TE,33.0,11.0,,109.26410287443301,91.52799999999999,121.030550458716,12.5712233539276,6,4.447649200160111,4.0,29.5025504587156,96.9,10.2,3.1,3.1582655754574196,,9.71637112776031,90,9.55879980129161,8.442379977165942,90.48,2.78,-0.4800000000000039,3,36.4213676248109,,
83,310,Matt Ryan,ATL,QB,35.0,12.0,,259.00597108143995,239.314654589372,269.017071415797,11.87934800089,12,13.705231748687698,4.0,29.7024168264253,79.3,8.4,1.8,3.30892550979439,25.0,9.13682116579176,91,12.5674198152828,-0.33575775459513596,76.9567,13.06,14.0433,12,21.583830923453302,,
84,2506264,Robbie Gould,SF,K,38.0,15.0,,138.602342871495,126.71,146.929430604982,9.09607515952618,5,7.40849433788139,2.0,20.2194306049822,205.7,6.2,2.4,3.3845478343145494,,8.94305658548669,92,6.47409358159548,6.451689194639269,172.305,1.29,-80.305,2,69.30117143574739,,
85,100002,Ravens,BAL,DST,,,,178.46285836257,104.839463487332,180.723255813954,39.319791800557105,2,12.318966697966301,1.0,75.8837923266212,150.6,,,7.74145126860201,,8.21264446531092,94,0.00297565822155832,-4.14939922480619,110.2633,4.5,-16.2633,5,35.692571672514,,
86,2562379,Marquise Brown,BAL,WR,50.0,1.0,,130.557333664498,90.8979111037193,157.714633746924,29.3947499802209,31,3.4244674094021295,6.0,66.8167226432048,69.9,30.3,5.3,3.4271768712417994,53.0,7.981709044975901,95,-9.47851747849633,18.7936349708785,76.34,10.5,18.66,10,13.055733366449802,,
87,2557858,Evan Engram,NYG,TE,26.0,3.0,,105.04439396240801,93.11166879851521,113.377851564829,10.371798655898,7,2.76911256381379,5.0,20.2661827663134,78.9,7.7,2.6,2.90437095993033,,5.4966622157359,101,11.1424685998068,0.789681083278978,75.8967,6.11,25.1033,6,17.507398993734697,,
88,497240,Rob Gronkowski,TB,TE,31.0,10.0,,104.58851338613701,83.596998509687,121.947725782414,18.6950211000662,8,4.68760262679872,5.0,38.3507272727273,104.6,11.4,3.9,3.5644969603007697,6.0,5.0407816394645,102,1.6277983109786498,9.35955530086467,80.855,6.72,21.145,7,14.9412161980195,,
89,2555466,Tyler Boyd,CIN,WR,26.0,4.0,,127.527046780389,111.63920119225,140.315793930362,13.06725761703,32,1.56324997793645,6.0,28.6765927381114,76.2,32.9,3.9,3.1641967982661496,56.0,4.951422160867041,103,11.262772610034801,1.3947951543161399,75.5067,8.39,27.4933,8,15.9408808475486,,
90,2563548,J.K. Dobbins,BAL,RB,50.0,0.0,,116.028154067402,103.201192250373,129.787402107358,11.791391580131199,32,2.6752370507979504,10.0,26.5862098569859,96.3,34.5,5.5,3.6135952994332796,21.0,4.88712001631626,104,7.10373075012419,4.98242590644345,84.325,8.89,19.675,9,12.892017118600199,,
91,2543498,Brandin Cooks,HOU,WR,27.0,6.0,,126.738685729802,114.588997019374,138.886492723176,10.421464227136001,33,1.77331236028844,6.0,24.297495703801697,84.5,36.1,6.2,3.5962354895832904,46.0,4.16306111028051,107,14.2125684371585,-0.0345060528698582,80.92,5.72,26.08,6,21.123114288300396,,
92,2558123,Marlon Mack,IND,RB,,3.0,,114.532121949874,94.3239940387481,126.974064005476,15.114978938834,33,2.38458967778661,10.0,32.6500699667279,101.9,36.1,6.1,3.81557032093408,18.0,3.39108789878799,112,-1.7734674615002501,2.16908780456106,78.4867,8.17,33.5133,8,14.3165152437342,,
93,2532884,Marvin Jones,DET,WR,30.0,8.0,,125.188907875102,106.66199701937401,139.026757088134,12.990114771139698,34,0.8465145343949699,6.0,32.3647600687603,78.7,34.0,3.6,3.1078439254856605,58.0,2.61328325558068,116,6.28556843715847,0.105758312088795,103.1733,4.67,12.8267,5,25.0377815750205,,
94,2559205,Younghoe Koo,ATL,K,26.0,3.0,,132.144937814286,112.31,143.021427707053,11.723585352439999,6,2.2662134335058104,2.0,30.7114277070527,243.7,11.4,4.7,6.5875995421391496,,2.48565152827823,118,-7.92590641840451,2.54368629670975,159.735,1.14,-41.735,2,66.07246890714309,,
95,2555346,Will Fuller,HOU,WR,26.0,4.0,,124.741838863925,97.32018812315658,152.497340918487,24.0441352886557,35,3.24932136660514,6.0,55.1771527953302,80.7,34.4,6.2,3.5962354895832904,46.0,2.16621424440343,120,-3.05624045905904,13.576342142441199,84.4333,7.78,35.5667,8,15.592729857990598,,
96,238498,Julian Edelman,NE,WR,34.0,11.0,,123.94294781748998,113.57239940387501,132.901217585693,9.827830936934289,36,5.228698864236691,7.0,19.3288181818182,81.3,35.0,5.0,3.37082399846131,55.0,1.36732319796801,122,13.1959708216592,-6.0197811903525995,75.2967,7.22,46.7033,7,17.7061354024985,,
97,2559947,Phillip Lindsay,DEN,RB,26.0,2.0,,112.173712083335,96.92399403874809,125.245779121755,12.184637668959,34,1.5490170483729602,10.0,28.321785083007,104.1,37.0,4.9,3.41162027793249,27.0,1.03267803224864,124,0.826532538499748,0.44080292084011297,78.7833,5.89,45.2167,6,18.6956186805558,,
98,2552453,Tevin Coleman,SF,RB,27.0,5.0,,112.12135246084,100.23919523099899,120.622407858157,8.906549391449538,35,3.3719825994944195,10.0,20.3832126271583,103.2,36.6,4.7,3.3442952707655604,29.0,0.980318409754133,125,4.14173373075013,-4.18256834275819,89.4233,4.12,35.5767,4,28.03033811521,,
99,2562271,Matt Gay,TB,K,,1.0,,130.24275925293998,118.03,135.681344136159,7.64478664565884,7,0.875209450398529,2.0,17.6513441361587,213.2,7.4,2.9,4.08086342297207,,0.5834729669323621,129,-2.20590641840451,-4.79639727418422,129.8,,-0.800000000000011,1,130.24275925293998,,
100,2555341,Hunter Henry,LAC,TE,26.0,4.0,,99.96204941105209,82.3076005961252,114.61594241972601,14.3764922685609,9,0.621476496569571,5.0,32.3083418236012,82.0,8.4,2.5,2.85359203682491,16.0,0.414317664379709,130,0.338400397416791,2.02777193817668,73.3433,4.72,56.6567,5,19.9924098822104,,
101,2555364,Tyler Higbee,LAR,TE,27.0,4.0,,99.83977210762421,80.6,113.285114425275,20.8083359694977,10,2.67620715881827,5.0,32.6851144252749,86.9,9.0,3.3,3.2598234216682593,11.0,0.29204036095185903,131,-1.36920019870838,0.6969439437252299,78.05,5.22,52.95,5,19.9679544215248,,
102,100003,Bills,BUF,DST,,,,170.297011141482,101.92,175.405600505867,34.946440875609305,3,25.328214888330496,1.0,73.4856005058667,160.4,,,7.089279892159281,,0.0467972442232849,133,-2.9164878291107796,-9.46705453289303,137.0,2.1,-4.0,2,85.14850557074121,,
103,2506677,Matt Prater,DET,K,36.0,14.0,,129.51468950862,121.77,135.438140281046,6.13762820460703,8,0.7469192321114521,3.0,13.668140281046199,218.9,8.6,3.2,4.498652776166581,23.0,-0.144596777387562,134,1.53409358159549,-5.039601129296731,161.4533,,-27.4533,1,129.51468950862,,
104,2558178,Zane Gonzalez,ARI,K,,3.0,,129.22041009646298,114.3,142.201756160372,14.2631166303842,9,1.59036093684571,3.0,27.9017561603721,225.9,9.9,3.8,5.3342314825556105,15.0,-0.43887618954477103,135,-5.9359064184045005,1.7240147500291398,149.555,1.71,-14.555,2,64.6102050482316,,
105,2560747,Hayden Hurst,ATL,TE,27.0,2.0,,98.84137372134079,83.0,105.663278158164,9.134014853163551,11,3.53910127219477,5.0,22.6632781581641,101.9,10.8,4.2,3.71683372961702,3.0,-0.706358025331568,136,1.03079980129161,-6.92489232338555,98.18,5.72,37.82,6,16.4735622868901,,
106,2495455,Cam Newton,NE,QB,31.0,9.0,,248.895038651086,215.493204172876,278.44154938666003,25.827263372969302,13,7.52423441511729,4.0,62.948345213784,120.6,15.8,4.7,6.26036752562938,8.0,-0.974111264562339,138,-11.2540306012129,9.0887202162678,119.5933,8.0,18.4067,8,31.1118798313858,,
107,2495259,Dan Bailey,MIN,K,32.0,9.0,,128.315130456555,123.31200000000001,132.163907756605,3.98308113548339,10,1.45054738905222,3.0,8.85190775660494,244.8,13.3,2.7,3.80233718750906,26.0,-1.34415582945326,139,3.07609358159549,-8.313833653737989,166.46,1.17,-27.46,2,64.15756522827739,,
108,2541161,Latavius Murray,NO,RB,30.0,7.0,,109.12803760908301,94.61399403874809,120.333575802737,13.3833936703709,36,2.07013841333149,10.0,25.7195817639886,117.2,40.6,5.6,3.64725780301675,20.0,-2.01299644200277,141,-1.48346746150024,-4.47140039817822,95.2233,3.78,45.7767,4,27.2820094022708,,
109,2556521,Kaimi Fairbairn,HOU,K,26.0,4.0,,126.94496786268,119.937719255214,134.70348757764,6.41059042957594,11,0.577680094555205,3.0,14.765768322426199,227.9,11.5,3.2,4.498652776166581,23.0,-2.7143184233277102,144,-0.29818716319098804,-5.774253832703179,163.0267,,-19.0267,1,126.94496786268,,
110,2558918,Matt Breida,MIA,RB,25.0,3.0,,108.370702113608,99.67185994454461,115.448877932971,8.25618408026042,37,2.78278078746604,10.0,15.777017988426001,105.0,37.4,4.5,3.27697026359862,30.0,-2.77033193747779,145,3.5743984442961603,-9.3560982679444,92.42,3.17,52.58,3,36.123567371202704,,
111,2553112,Jason Myers,SEA,K,,,,126.784198272325,110.7,133.752729099172,8.82840139458519,12,1.02360516233752,3.0,23.052729099172,253.6,14.9,3.6,5.0557052470926,17.0,-2.8750880136832406,147,-9.53590641840451,-6.7250123111709295,164.18,1.2,-17.18,2,63.39209913616239,,
112,2562736,Darius Slayton,NYG,WR,,1.0,,119.04208717715,92.96199701937408,137.53832512158502,22.752552158252698,37,1.22379260072684,7.0,44.5763281022111,105.0,43.5,7.3,3.80286268977844,32.0,-3.5335374423714305,151,-7.41443156284153,-1.38267365446043,116.2,,34.8,1,119.04208717715,,
113,2507232,Mason Crosby,GB,K,36.0,13.0,,125.950377263925,113.1,136.21004036360398,10.742215977129199,13,0.6676849240490981,3.0,23.110040363604103,239.8,15.1,3.4,4.77717901162959,19.0,-3.7089090220825804,153,-7.135906418404519,-4.26770104673886,164.2333,1.0,-11.2333,1,125.950377263925,,
114,2562383,Noah Fant,DEN,TE,50.0,1.0,,95.4857561762711,78.9671997019374,107.29347823090299,11.9842035966521,12,2.9949684402766605,6.0,28.326278528965997,121.5,13.8,2.6,2.90437095993033,15.0,-4.06197557040127,158,-3.0020004967709903,-5.29469225064622,118.07,2.89,39.93,3,31.828585392090396,,
115,2550545,Chris Boswell,PIT,K,31.0,6.0,,125.570808956049,113.8,134.16437851267,8.99986324120909,14,1.02543476371667,3.0,20.364378512670502,,,,,28.0,-4.08847732995893,159,-6.43590641840451,-6.31336289767248,164.5,,-5.5,1,125.570808956049,,
116,2543847,John Brown,BUF,WR,30.0,6.0,,118.386410729356,94.52399701937408,136.659355816068,19.1456054269164,38,1.20564939567357,7.0,42.135358796694206,98.4,41.4,6.1,3.57745119865646,50.0,-4.189213890165931,160,-5.852431562841519,-2.26164295997731,115.8133,2.61,44.1867,3,39.4621369097852,,
117,2555415,Austin Hooper,CLE,TE,,4.0,,95.11878872202091,80.08479880774959,105.06705644626699,11.6748860372509,13,5.82002721793967,6.0,24.9822576385169,117.4,13.1,3.1,3.1582655754574196,13.0,-4.42894302465142,162,-1.88440139095877,-7.521114035283119,127.2967,2.28,34.7033,3,31.706262907340303,,
118,2541556,Brandon McManus,DEN,K,29.0,6.0,,124.99457572370399,118.0,130.184599294479,5.83556798261173,15,1.54031877045432,3.0,12.1845992944785,252.3,16.2,3.8,5.3342314825556105,15.0,-4.66471056230442,163,-2.2359064184045097,-10.2931421158644,166.74,,-3.7400000000000095,1,124.99457572370399,,
119,2562721,Deebo Samuel,SF,WR,50.0,1.0,,117.25017842349101,98.1508607639708,146.360445210898,25.4678938068543,39,1.90249437784821,7.0,48.209584446927,106.9,44.3,8.7,4.06584276275409,23.0,-5.325446196030599,164,-2.22556781824477,7.43944643485227,120.5233,2.83,43.4767,3,39.08339280783029,,
120,2560809,Sony Michel,NE,RB,25.0,2.0,,105.74509627789499,80.4,130.69080187828,32.4485553183744,38,1.0979024761124099,10.0,50.2908018782803,117.0,40.7,8.7,4.6907954141041905,8.0,-5.39593777319072,165,-15.697461500248401,5.885825677365331,79.3967,3.78,85.6033,4,26.4362740694738,,
121,2560781,Christian Kirk,ARI,WR,24.0,2.0,,117.111344243873,103.56728872727301,127.24570415458099,11.9677361796404,40,4.68141196371975,7.0,23.678415427308,103.8,42.7,6.2,3.5962354895832904,46.0,-5.464280375648401,166,3.1908601450571297,-11.675294621464902,108.4667,3.22,57.5333,3,39.0371147479577,,
122,2553833,Josh Lambo,JAC,K,30.0,5.0,,124.096172660961,119.0,129.570370668439,6.211641244205341,16,1.7234318199248302,3.0,10.5703706684394,280.4,21.5,6.0,8.39802007264871,1.0,-5.5631136250468005,168,-1.23590641840451,-10.9073707419036,164.39,,3.6100000000000096,1,124.096172660961,,
123,2560765,Kerryon Johnson,DET,RB,23.0,2.0,,105.430746374389,80.38479880774959,122.19508547551399,17.970346797941698,39,2.8122473461421698,10.0,41.8102866677642,108.3,38.4,5.2,3.51260778868288,23.0,-5.71028767669694,169,-15.712662692498801,-2.60989072540119,87.11,3.24,81.89,3,35.1435821247963,,
124,2558172,Jake Elliott,PHI,K,25.0,3.0,,122.812341245537,117.4,127.30353994836,4.24769089725546,17,1.35202840987769,3.0,9.90353994835985,225.0,9.8,3.3,4.63791589389809,21.0,-6.846945040470691,170,-2.83590641840452,-13.174201461983099,167.8033,,2.1966999999999897,1,122.812341245537,,
125,2543773,James White,NE,RB,28.0,6.0,,103.86364122917699,79.97660208643809,116.409403454196,14.7697027361886,40,4.455042583559769,10.0,36.4328013677574,113.6,39.3,4.5,3.27697026359862,30.0,-7.27739282190932,173,-16.120859413810198,-8.39557274671942,82.59,7.11,90.41,7,14.837663032739501,,
126,2562729,Austin Seibert,CLE,K,,1.0,,121.933140436535,111.0,125.794668895349,6.28114529482396,18,2.92093133054142,3.0,14.794668895348801,283.5,19.8,3.2,4.498652776166581,23.0,-7.72614584947256,176,-9.23590641840451,-14.6830725149941,133.4,,42.6,1,121.933140436535,,
127,2532956,Ryan Tannehill,TEN,QB,32.0,8.0,,241.70644001441897,231.45579731743697,255.329488226528,11.1849116639251,14,2.31537391591183,5.0,23.8736909090909,130.5,18.3,3.1,3.9574685206395297,21.0,-8.16270990122942,177,4.7085625433474805,-14.023340943864902,139.235,4.38,37.765,4,60.42661000360471,,
128,100005,Bears,CHI,DST,,,,161.99077218772499,93.8067958271237,161.354244186047,35.2525967501766,4,39.57145620487,1.0,67.5474483589228,171.4,,,7.134935066315,,-8.259441709534169,178,-11.0296920019871,-23.5184108527132,117.86,1.33,60.14,2,80.99538609386249,,
129,2560965,Mike Badgley,LAC,K,50.0,2.0,,120.98748523478399,108.682703797889,127.62776554455,7.7758257986290005,19,4.8763055185987305,4.0,18.9450617466613,235.7,14.2,4.6,6.448336424407651,6.0,-8.67180105122419,179,-11.553202620515899,-12.849975865792901,147.3,,31.7,1,120.98748523478399,,
130,79860,Matthew Stafford,DET,QB,32.0,11.0,,241.035168457519,209.942375603865,262.254451266766,25.822988592733804,15,4.521684283269679,5.0,52.31207566290129,99.4,11.9,2.0,4.77293864828192,16.0,-8.83398145812984,181,-16.8048591702245,-7.09837790362639,126.7367,9.11,54.2633,9,26.7816853841687,,
131,497322,Emmanuel Sanders,NO,WR,33.0,10.0,,113.584023847412,98.56199701937409,132.67369837168698,16.8233462130627,41,2.32630339304895,7.0,34.1117013523132,114.0,46.4,6.4,3.63380407143695,43.0,-8.99160077210924,182,-1.81443156284152,-6.24730040435833,103.9533,2.56,78.0467,3,37.861341282470796,,
132,2560994,Mike Gesicki,MIA,TE,25.0,2.0,,89.8627867499679,77.8,102.37878870968599,12.0940223095112,14,1.5124936209861601,6.0,24.578788709686,118.4,13.2,4.2,3.71683372961702,3.0,-9.684944996704472,185,-4.1692001987083795,-10.209381771863699,126.395,3.22,58.605,3,29.9542622499893,,
133,2558250,Tarik Cohen,CHI,RB,25.0,3.0,,101.37335682731701,88.3223979135618,115.710308400017,11.9701250297821,41,3.9295163634003996,11.0,27.3879104864553,129.2,44.0,4.5,3.27697026359862,30.0,-9.767677223768901,187,-7.77506358668654,-9.09466780089785,95.69,5.28,91.31,5,20.274671365463398,,
134,2559193,Blake Jarwin,DAL,TE,26.0,3.0,,88.7347362581947,80.2,97.461103202847,8.957096719575091,15,1.68348899673217,6.0,17.261103202847,141.5,17.4,4.0,3.6152758834061802,5.0,-10.8129954884777,191,-1.76920019870839,-15.1270672787027,143.495,1.73,47.505,2,44.3673681290973,,
135,497326,Golden Tate,NYG,WR,32.0,10.0,,111.27584071289499,97.256,131.500765665448,16.613030658352802,42,0.0820524558367879,7.0,34.244765665448,131.6,52.2,6.5,3.6525883623637796,42.0,-11.2997839066271,193,-3.1204285822156,-7.420233110597559,141.06,1.2,51.94,2,55.637920356447296,,
136,2558846,Mike Williams,LAC,WR,26.0,3.0,,111.23960019583201,97.5408818725855,124.55792272727301,17.6411474948318,43,0.39295982969491705,7.0,27.0170408546873,,,,,60.0,-11.3360244236893,194,-2.8355467096301097,-14.3630760487729,107.5867,1.78,86.4133,2,55.619800097916205,,
137,2555295,Sterling Shepard,NYG,WR,,4.0,,111.147976318283,97.430998509687,123.22774957225599,10.917394154808099,44,1.7217683915943403,8.0,25.796751062568802,114.4,46.5,6.0,3.55866690772963,51.0,-11.427648301238401,196,-2.94543007252857,-15.6932492037898,118.9133,2.22,77.0867,2,55.5739881591416,,
138,2558207,Jonnu Smith,TEN,TE,25.0,3.0,,87.96584999976879,75.1182362831778,98.1409622300038,10.823554305608301,16,2.31374760707618,6.0,23.0227259468261,128.8,14.6,3.3,3.2598234216682593,11.0,-11.581881746903601,197,-6.85096391553064,-14.447208251545801,137.21,1.73,59.79,2,43.982924999884396,,
139,2562674,Diontae Johnson,PIT,WR,,1.0,,110.545304413992,92.5226306454177,127.251732721919,16.1369586553356,45,2.25425782579408,8.0,34.7291020765012,99.4,41.5,6.7,3.69015694421745,38.0,-12.03032020553,200,-7.853797936797889,-11.669266054126698,110.4,,89.6,1,110.545304413992,,
140,2555334,Jared Goff,LAR,QB,26.0,4.0,,237.746963739496,224.705907004831,249.54726685842002,10.897830838687598,16,5.70766815448727,5.0,24.841359853589395,123.6,16.9,2.8,3.76437052330311,22.0,-12.122186176152699,201,-2.04132776925826,-19.8055623119722,114.82,6.71,86.18,7,33.9638519627851,,
142,2562378,T.J. Hockenson,DET,TE,50.0,1.0,,86.1366445231562,71.1,101.945555738235,13.093487039413302,17,1.6603383987440201,6.0,30.8455557382353,,,,,17.0,-13.4110872235161,207,-10.8692001987084,-10.6426147433144,137.1733,2.12,69.8267,2,43.0683222615781,,
143,2565276,Antonio Gibson,WAS,RB,50.0,0.0,,97.44384046391659,70.5752521746454,119.856812220566,24.491552124158,42,0.44123283424960397,11.0,49.2815600459209,146.6,48.1,14.0,6.474908104027881,4.0,-13.697193587169302,213,-25.522209325602997,-4.94816398034867,102.63,5.72,110.37,6,16.2406400773194,,
144,2565276,Antonio Gibson,WAS,RB,50.0,0.0,,97.44384046391659,70.5752521746454,119.856812220566,24.491552124158,42,1.90144592208603,11.0,49.2815600459209,146.6,48.6,19.5,8.32634580111851,1.0,-13.697193587169302,213,-25.522209325602997,-4.94816398034867,102.63,5.72,110.37,6,16.2406400773194,,
145,2552597,Breshad Perriman,NYJ,WR,27.0,5.0,,108.307111439386,82.3,126.94280551818599,19.6837062403293,46,0.9318315330617539,8.0,44.6428055181861,139.2,53.9,8.2,3.97192130811993,26.0,-14.2685131801355,220,-18.076428582215602,-11.9781932578595,149.535,1.57,70.465,2,54.153555719693095,,
146,2560810,Anthony Miller,CHI,WR,26.0,2.0,,108.27498173700899,95.95380029806259,118.08719045278099,12.6592715382638,47,2.54657530874714,8.0,22.1333901547189,116.8,47.5,6.2,3.5962354895832904,46.0,-14.3006428825128,221,-4.42262828415299,-20.8338083232641,138.84,1.87,82.16,2,54.1374908685044,,
147,2543466,Eric Ebron,PIT,TE,27.0,6.0,,85.167560262229,62.6,111.101545454545,22.9962230000082,18,1.75339938132849,6.0,48.5015454545455,154.1,19.7,3.5,3.3613812678790898,7.0,-14.3801714844434,222,-19.3692001987084,-1.48662502700419,124.79,1.53,97.21,2,42.5837801311145,,
150,2543583,Devonta Freeman,FA,RB,28.0,6.0,,96.56137479541741,89.0,100.40787878787901,9.89949493661167,43,2.7584158529762597,11.0,11.407878787878802,263.4,78.9,13.6,6.34025808969402,5.0,-14.5796592556685,225,-7.097461500248389,-24.3970974130362,111.1267,1.14,113.8733,2,48.280687397708704,,
151,2560800,Baker Mayfield,CLE,QB,25.0,2.0,,235.280004609002,214.209597615499,253.666302241834,19.169688005468302,17,7.260500883510329,5.0,39.4567046263345,129.6,18.3,2.9,4.6226047490600894,17.0,-14.589145306646301,226,-12.537637158589899,-15.6865269285587,107.5233,6.94,118.4767,7,33.6114292298574,,
152,2540232,Jack Doyle,IND,TE,30.0,7.0,,83.7850519865954,69.4809970193741,94.57621762812191,14.536161520649701,19,0.8267156365620419,6.0,25.095220608747802,156.5,20.1,3.0,3.1074866523519997,14.0,-15.7626797600769,231,-12.488203179334302,-18.0119528534278,145.66,1.78,85.34,2,41.8925259932977,,
153,2552415,Jamison Crowder,NYJ,WR,27.0,5.0,,106.47557807564002,96.004102533532,112.676104080338,7.150087478096251,48,1.86722371069639,8.0,16.6720015468062,110.0,44.6,7.1,3.7652941079247797,33.0,-16.1000465438816,233,-4.37232604868355,-26.244894695707302,135.25,2.61,97.75,3,35.491859358546705,,
155,2560995,Dallas Goedert,PHI,TE,26.0,2.0,,83.0432697752055,63.0,101.45283755588699,15.074250223183201,20,1.22222134116141,6.0,38.4528375558867,136.0,16.6,3.5,3.3613812678790898,7.0,-16.504461971466903,237,-18.9692001987084,-11.135332925662901,132.22,1.72,104.78,2,41.5216348876027,,
156,2507164,Adrian Peterson,WAS,RB,35.0,13.0,,94.5234142882437,74.5842026825633,112.14469688305401,21.526943222982602,44,2.1557930716766798,11.0,37.5604942004911,130.6,44.5,7.3,4.219520363935669,15.0,-16.6176197628421,239,-21.513258817685,-12.660279317860502,125.1267,2.24,113.8733,3,31.5078047627479,,
157,2560738,Chris Herndon,NYJ,TE,,2.0,,82.8734029248613,70.7,95.83172727272729,12.1373970706032,21,5.0850004817401,7.0,25.1317272727273,152.7,18.9,4.5,3.86917049893327,1.0,-16.674328821811,240,-11.2692001987084,-16.7564432088224,142.045,2.29,97.955,3,27.6244676416204,,
158,2564634,Justin Rohrwasser,NE,K,50.0,0.0,,112.710330604258,86.052,121.485515336977,14.545455522738,24,2.19562369792783,4.0,35.433515336977294,287.9,21.8,4.8,6.72686265987066,5.0,-16.9489556817503,241,-34.1839064184045,-18.992226073365604,137.2,,103.8,1,112.710330604258,,
159,2563896,Jerry Jeudy,DEN,WR,50.0,0.0,,104.98123478088301,82.8929955290611,127.62263691372601,19.938814726529802,49,0.942248208388335,8.0,44.7296413846652,133.7,52.5,7.8,3.8967841444126,30.0,-17.594389838638197,244,-17.4834330531545,-11.2983618623193,119.965,2.17,124.035,2,52.490617390441706,,
160,2552461,Duke Johnson,HOU,RB,27.0,5.0,,93.0825035966385,74.0703994038748,107.30009649678101,14.5029627060472,45,4.18920939187277,11.0,33.2296970929067,144.3,48.1,4.9,3.41162027793249,27.0,-18.0585304544474,246,-22.0270620963736,-17.5048797041335,106.2067,3.53,139.7933,4,23.270625899159604,,
161,2564556,Justin Jefferson,MIN,WR,50.0,0.0,,104.235473949004,80.6461997019374,133.311078006731,23.1164075146027,50,0.739527715618664,8.0,52.6648783047934,144.2,56.4,12.0,4.685724363339539,5.0,-18.340150670517897,247,-19.730228880278197,-5.609920769314781,114.725,2.44,132.275,3,34.7451579830012,,
163,2558066,Curtis Samuel,CAR,WR,24.0,3.0,,103.84249919598601,86.45599701937408,117.922786935859,16.8643928439518,51,1.14917225786482,8.0,31.466789916484604,140.8,54.4,7.1,3.7652941079247797,33.0,-18.7331254235352,250,-13.920431562841499,-20.998211840186897,126.5467,1.4,123.4533,2,51.9212495979932,,
164,2560894,Ian Thomas,CAR,TE,24.0,2.0,,80.7686939432268,71.06199701937409,90.02975502649151,10.419363507315401,22,6.94581710201282,7.0,18.967758007117396,181.6,23.5,4.4,3.8183915758278597,2.0,-18.779037803445497,251,-10.907203179334301,-22.558415455058103,155.315,1.0,95.685,1,80.7686939432268,,
165,2556462,Robby Anderson,CAR,WR,27.0,4.0,,103.149393270784,77.8619970193741,128.91226149408502,22.7065790245431,52,1.85552800511357,8.0,51.0502644747107,144.1,56.3,8.0,3.9343527262662596,27.0,-19.4262313487378,256,-22.5144315628415,-10.008737281960801,113.5233,1.5,142.4767,2,51.5746966353919,,
166,2565258,Ke'Shawn Vaughn,TB,RB,50.0,0.0,,91.6527388364957,63.5,119.99005974664699,23.983769149929902,46,6.44702809874038,11.0,56.49005974664679,134.0,46.3,11.4,5.5996830108577695,7.0,-19.4882952145902,257,-32.5974615002484,-4.81491645426817,113.5,2.71,143.5,3,30.5509129454986,,
168,2563848,CeeDee Lamb,DAL,WR,50.0,0.0,,102.237260605459,77.03723636363641,119.62336789049101,24.3872509725202,53,2.8291185275282205,8.0,42.5861315268548,112.5,45.9,9.6,4.23490138109558,14.0,-20.3383640140623,262,-23.339192218579196,-19.2976308855544,112.93,2.22,149.07,2,51.1186303027297,,
169,2506109,Ben Roethlisberger,PIT,QB,38.0,16.0,,228.79858656101501,200.02825,250.222706422508,22.555265257328,18,1.5959185486990202,5.0,50.1944564225084,118.0,15.9,2.3,4.62088135916479,18.0,-21.0705633546335,263,-26.718984774089197,-19.1301227478841,123.75,6.24,139.25,6,38.1330977601691,,
170,2560787,Allen Lazard,GB,WR,25.0,2.0,,100.350469925881,84.50539791356191,117.671570733491,19.270306278231498,54,1.95414544951072,8.0,33.1661728199295,160.8,60.1,9.9,4.29125425387607,13.0,-22.2251546936406,270,-15.8710306686537,-21.2494280425542,130.4,,139.6,1,100.350469925881,,
171,2562796,Gardner Minshew,JAC,QB,50.0,1.0,,227.240420889969,224.08,234.351329160457,4.98442770724691,19,1.68154712942274,6.0,10.271329160457,158.2,22.4,3.8,3.74095188144787,23.0,-22.628729025679803,272,-2.6672347740892004,-35.0015000099354,146.62,5.31,125.38,5,45.44808417799371,,
172,2562299,Daniel Jones,NYG,QB,50.0,1.0,,227.164915134663,210.066587183308,246.46947651473099,16.410653740318402,20,4.7068790464354295,6.0,36.4028893314222,117.3,15.9,3.2,4.51993885081166,19.0,-22.7042347809852,275,-16.680647590780698,-22.883352655661803,126.99,7.17,148.01,7,32.452130733523305,,
174,1581,DeSean Jackson,PHI,WR,34.0,12.0,,98.4658142299812,68.27999914566979,116.833975327766,23.277324129547,55,0.39560252285916403,8.0,48.55397618209621,150.6,57.6,10.6,4.42274429036389,10.0,-24.1098103895404,286,-32.096429436545804,-22.0870234482796,135.08,2.92,150.92,3,32.8219380766604,,
175,2562805,Preston Williams,MIA,WR,50.0,1.0,,98.3268347227594,51.1412574162679,123.274438253495,30.6821470787685,56,0.517280774373702,8.0,72.1331808372271,130.0,51.1,7.1,3.7652941079247797,33.0,-24.2487898967622,288,-49.2351711659476,-15.6465605225506,130.3,,157.7,1,98.3268347227594,,
176,2495700,Greg Olsen,SEA,TE,35.0,13.0,,74.80811094301559,69.922,77.53763636363641,3.1544508430519103,23,2.30985235697057,8.0,7.61563636363636,188.5,24.2,3.8,3.51371803719535,,-24.7396208036567,292,-12.047200198708401,-35.0505341179133,154.5167,1.25,137.4833,2,37.404055471507796,,
177,2564850,Jalen Reagor,PHI,WR,50.0,0.0,,97.8135886914848,53.30545020854711,111.215414580897,22.355470527195802,57,1.52386204541473,8.0,57.9099643723498,131.3,50.9,11.1,4.51666574499805,7.0,-24.762035928036898,293,-47.070978373668495,-27.705584195148695,126.715,2.29,166.285,3,32.6045295638283,,
178,2543457,Sammy Watkins,KC,WR,27.0,6.0,,97.80551920528671,84.26140089418779,114.43931891344,14.157019784963902,58,3.83372733794356,9.0,30.1779180192521,159.7,60.5,5.9,3.53988261680279,52.0,-24.770105414235,294,-16.1150276880278,-24.481679862605702,129.3567,1.0,164.6433,1,97.80551920528671,,
179,2563617,Zack Moss,BUF,RB,50.0,0.0,,86.1338495730357,59.38599105812221,106.97904339193501,21.161905659436602,47,1.9054104788936999,11.0,47.5930523338128,119.9,41.2,8.3,4.5561453997703305,10.0,-25.007184478050103,299,-36.7114704421262,-17.82593280898,112.67,4.72,186.33,5,17.2267699146071,,
180,2540243,Brett Maher,NYJ,K,50.0,3.0,,104.490890756303,93.0,113.76975943060499,12.738734041068199,28,10.805803033777401,5.0,20.769759430605,294.4,24.8,4.2,5.89128395348163,12.0,-25.1683955297055,300,-27.235906418404497,-26.707981979738,172.0,,128.0,1,104.490890756303,,
181,2532820,Kirk Cousins,MIN,QB,32.0,8.0,,223.95283238642898,206.046795827124,242.399556448242,15.9623226286566,21,3.522638206793,6.0,36.352760621118,150.6,21.7,2.4,4.03581125657718,20.0,-25.9163175292198,304,-20.700438946965498,-26.953272722150803,143.36,4.21,160.64,4,55.9882080966071,,
182,2562681,Dawson Knox,BUF,TE,50.0,1.0,,72.8376427394124,58.5,82.7130810231715,12.180277135079802,24,2.7594466280764003,8.0,24.2130810231715,211.5,26.6,3.4,3.31060234477368,9.0,-26.71008900726,310,-23.4692001987084,-29.875089458378202,218.82,,91.18,1,72.8376427394124,,
183,2561146,Boston Scott,PHI,RB,25.0,2.0,,84.27757190247479,78.02399403874809,88.446303075464,4.60145933511687,48,0.809905071183081,12.0,10.422309036715902,148.9,49.7,7.7,4.35417037826953,13.0,-26.863462148611003,313,-18.073467461500197,-36.358673125451006,123.935,2.28,189.065,3,28.0925239674916,,
184,2562682,Alexander Mattison,MIN,RB,,1.0,,84.1793062858092,69.6619970193741,95.6814052803479,12.456274471172199,49,1.5079695119212901,12.0,26.019408260973897,128.7,44.3,5.0,3.44528278151595,26.0,-26.9617277652767,314,-26.4354644808743,-29.123570920567,122.5167,3.38,191.4833,4,21.0448265714523,,
185,2495438,Kyle Rudolph,MIN,TE,31.0,9.0,,72.15887443267779,65.1,77.91900355871891,6.28510243714092,25,6.41815131947119,8.0,12.8190035587189,228.6,28.5,3.5,3.3613812678790898,,-27.388857313994603,316,-16.869200198708402,-34.669166922830804,121.4,,194.6,1,72.15887443267779,,
186,2564433,Henry Ruggs,LVR,WR,50.0,0.0,,94.77393408685342,72.9011544082619,106.740039577167,14.864723969288399,59,2.67512396961286,9.0,33.8388851689051,,,,,62.0,-27.8016905326682,321,-27.4752741739537,-32.180959198878604,123.9,,197.1,1,94.77393408685342,,
187,2562574,Darrell Henderson,LAR,RB,50.0,1.0,,82.7560273767743,40.923994038748106,106.970691912453,26.184026626614102,50,2.30102111043777,12.0,66.0466978737046,131.4,44.9,6.2,3.8492328245175402,17.0,-28.3850066743116,326,-55.17346746150021,-17.8342842884622,119.5167,2.75,206.4833,3,27.5853424589248,,
188,2560756,Justin Jackson,LAC,RB,25.0,2.0,,82.58664617100159,59.2207988077496,103.84160397483,18.8762977054457,51,4.8672162501222695,12.0,44.6208051670802,163.1,53.9,7.5,4.2868453711026,14.0,-28.5543878800843,328,-36.8766626924988,-20.963372226085102,135.85,1.44,192.15,2,41.293323085500795,,
189,2543801,Jimmy Garoppolo,SF,QB,29.0,6.0,,220.96323979002702,193.58,241.10767,21.0771934520949,22,1.8794367610194298,6.0,47.52767,159.3,22.7,3.1,4.91796400786689,11.0,-28.9059101256215,331,-33.167234774089195,-28.245159170392398,147.3767,4.75,183.6233,5,44.1926479580054,,
190,2562580,Mecole Hardman,KC,WR,50.0,1.0,,93.1696496478328,66.8157973174367,103.99023574017099,15.0915502303632,60,2.1540450727298603,9.0,37.1744384227347,127.6,50.8,8.3,3.9907055990467595,25.0,-29.4059749716888,335,-33.5606312647789,-34.9307630358742,129.9833,1.72,205.0167,2,46.5848248239164,,
191,2562305,Drew Lock,DEN,QB,50.0,1.0,,219.897148569244,195.17624758454102,247.84444210850103,22.445823649748302,23,1.8884657291371,6.0,52.66819452396,169.4,24.5,2.7,4.83055342080338,14.0,-29.9720013464041,338,-31.570987189548102,-21.508387061891302,146.61,3.21,191.39,3,73.29904952308141,,
192,2564136,Michael Pittman,IND,WR,50.0,0.0,,91.0279705866482,59.345236363636396,106.864111407126,19.130940710601102,61,0.36832920171588107,9.0,47.51887504349,174.3,64.3,11.9,4.66694007241271,6.0,-31.547654032873396,350,-41.0311922185792,-32.0568873689192,141.845,1.67,208.155,2,45.5139852933241,,
193,2562744,Jace Sternberger,GB,TE,,1.0,,67.9975177899942,59.3619970193741,77.8251305960796,8.59225440986812,26,5.06309114112409,9.0,18.463133576705502,220.2,27.2,4.0,3.6152758834061802,,-31.5502139566782,351,-22.607203179334302,-34.76303988547,195.64,1.0,155.36,1,67.9975177899942,,
194,2535698,Cole Beasley,BUF,WR,31.0,8.0,,91.0032385635577,55.82459761549929,103.999866684731,18.4645430420803,62,1.6620982159968103,9.0,48.175269069231796,210.7,76.2,6.6,3.6713726532906197,40.0,-31.572386055963896,352,-44.5518309667163,-34.921132091314504,187.89,1.0,164.11,1,91.0032385635577,,
195,2543499,Derek Carr,LVR,QB,29.0,6.0,,218.27045748877103,192.567600596125,238.349953868852,20.3666850720073,24,2.9481222055528904,6.0,45.7823532727273,192.5,26.6,3.0,4.79390229584239,15.0,-31.598692426877697,353,-34.179634177964,-31.00287530154,152.71,3.42,200.29,4,54.56761437219271,,
196,2563722,Joe Burrow,CIN,QB,50.0,0.0,,217.74690819144402,207.2821147343,229.53460439881002,15.7529219302405,25,8.96733689752494,6.0,22.2524896645104,143.7,19.8,3.9,4.841598189380361,13.0,-32.1222417242047,356,-19.4651200397897,-39.8182247715825,137.935,7.0,218.065,7,31.1067011702062,,
197,2562712,Hunter Renfrow,LVR,WR,50.0,1.0,,90.31604420630691,65.1619970193741,116.60161229587798,25.2161422504207,63,2.49295300612962,9.0,51.4396152765034,194.9,71.2,10.7,4.44152858129073,9.0,-32.2595804132147,357,-35.214431562841504,-22.3193864801681,128.8,,228.2,1,90.31604420630691,,
198,2558204,Jamaal Williams,GB,RB,,3.0,,78.3233663616714,55.030997019374105,99.07466605852,20.2112270096313,52,1.6283739845376297,12.0,44.0436690391459,189.3,60.6,8.7,4.6907954141041905,8.0,-32.8176676894144,363,-41.066464480874295,-25.730310142395002,168.76,1.09,194.24,1,78.3233663616714,,
200,2562699,Tony Pollard,DAL,RB,,1.0,,77.1154934800871,55.6929955290611,93.44650323666521,17.4969640389029,53,1.21609014865419,12.0,37.7535077076041,145.9,49.1,5.1,3.47894528509942,24.0,-34.0255405709988,370,-40.40446597118729,-31.358472964249803,112.13,1.82,257.87,2,38.557746740043605,,
201,2557848,Corey Davis,TEN,WR,25.0,3.0,,88.366236488815,75.268640994972,98.47081520119231,10.5885200967272,64,1.8379056115850299,9.0,23.202174206220302,192.5,69.4,6.4,3.63380407143695,43.0,-34.2093881307067,372,-25.1077875872436,-40.4501835748533,152.79,,219.21,1,88.366236488815,,
202,2562281,Damien Harris,NE,RB,50.0,1.0,,76.27449127418049,47.3005961251863,92.4294981198721,20.847426279580898,54,1.57892510448353,12.0,45.12890199468579,158.8,51.4,11.6,5.6670080180247,6.0,-34.8665427769054,377,-48.796865375062104,-32.3754780810429,137.4,,239.6,1,76.27449127418049,,
203,2533039,Alshon Jeffery,PHI,WR,30.0,8.0,,87.2799459115396,38.418797317436706,118.55437642487499,32.193524408066004,65,1.89912258022544,9.0,80.135579107438,182.8,67.7,12.4,4.76086152704687,4.0,-35.295678707982,383,-61.9576312647789,-20.366622351170896,123.0333,1.08,259.9667,1,87.2799459115396,,
204,2560711,Chase Edmonds,ARI,RB,24.0,2.0,,75.52431538868541,60.6771982116244,93.09862908536371,14.1600880981335,55,2.13424004143101,12.0,32.4214308737393,156.2,51.0,7.0,4.11853285318527,16.0,-35.6167186624005,386,-35.4202632886239,-31.7063471155513,129.835,3.43,256.165,4,18.881078847171302,,
205,2562738,Irv Smith Jr.,MIN,TE,50.0,1.0,,63.48392843641889,40.3,83.22026974664679,16.8768306828599,27,1.60782606627271,9.0,42.920269746646795,198.3,25.2,3.4,3.31060234477368,9.0,-36.0638033102534,390,-41.6692001987084,-29.367900734902896,159.09,,230.91,1,63.48392843641889,,
206,2562495,Parris Campbell,IND,WR,50.0,1.0,,85.7767158429203,65.128,115.34847127707701,25.872679432909397,66,0.9265705414800179,9.0,50.220471277077294,179.9,65.2,7.0,3.74650981699794,36.0,-36.7989087766014,397,-35.2484285822156,-23.572527498968302,179.95,1.13,217.05,2,42.8883579214601,,
207,2506121,Philip Rivers,IND,QB,39.0,16.0,,212.897762374992,179.29885748792302,235.72838236212002,25.875766804592,26,10.7532706927111,6.0,56.429524874196794,166.3,24.1,2.6,5.1085106867604,10.0,-36.9713875406565,399,-47.4483772861665,-33.6244468082729,135.1,5.4,263.9,5,42.5795524749984,,
209,2560742,Nyheim Hines,IND,RB,24.0,2.0,,73.8668169507085,56.749001490313,81.14149259351579,10.3034591695492,56,4.0254502404950605,13.0,24.392491103202897,173.2,55.9,5.1,3.47894528509942,24.0,-37.2742171003773,405,-39.3484600099354,-43.66348360739921,147.36,1.53,257.64,2,36.9334084753543,,
210,2565093,Brandon Aiyuk,SF,WR,50.0,0.0,,84.98493081970808,56.294909671629,109.423088867915,23.1225132155927,67,0.474652802762733,9.0,53.1281791962859,160.1,59.5,10.8,4.46031287221756,8.0,-37.5906937998135,408,-44.0815189105866,-29.497909908130698,137.87,1.31,270.13,2,42.492465409854,,
211,2557895,Dede Westbrook,JAC,WR,27.0,3.0,,84.7153597831724,73.7317570789866,95.10984223477631,12.4773128936706,68,0.8976405886271271,10.0,21.378085155789698,202.4,72.3,8.0,3.9343527262662596,27.0,-37.8602648363492,410,-26.644671503229,-43.81115654126929,141.025,,268.975,1,84.7153597831724,,
213,2563986,AJ Dillon,GB,RB,50.0,0.0,,72.9133337438002,58.286995529061095,84.29903616990771,12.9711664808929,57,6.71719622938463,13.0,26.0120406408466,167.6,54.7,7.9,4.42149538543646,11.0,-38.2277003072857,414,-37.8104659711873,-40.50594003100729,129.2,,284.8,1,72.9133337438002,,
214,2553913,Tyrell Williams,LVR,WR,,,,84.3051962507183,71.0,99.3859464069151,14.3690931179274,69,2.4059278131032,10.0,28.385946406915103,200.0,71.9,9.2,4.1597642173882505,19.0,-38.270428368803294,415,-29.3764285822156,-39.535052369130504,134.6,,280.4,1,84.3051962507183,,
215,2507374,Steven Hauschka,BUF,K,,,,90.7241868838652,32.8045567634685,117.280437888199,40.2578981724155,30,18.088995168047898,5.0,84.47588112473021,275.3,18.5,4.2,5.89128395348163,12.0,-38.9350994021428,422,-87.43134965493601,-23.1973035221442,131.0,,291.0,1,90.7241868838652,,
216,2562659,N'Keal Harry,NE,WR,50.0,1.0,,83.3302421383723,49.6100523636364,94.9672554545455,17.1892140517906,70,3.64467633079127,10.0,45.3572030909091,152.8,58.3,6.9,3.7277255260711097,37.0,-39.2453824811494,423,-50.766376218579204,-43.9537433215001,157.3367,,265.6633,1,83.3302421383723,,
217,2557856,O.J. Howard,TB,TE,26.0,3.0,,59.780779644865106,47.249798807749606,70.7517515241837,9.921703246612369,30,1.4717485856206398,9.0,23.5019527164341,201.5,25.5,4.2,3.71683372961702,,-39.766952101807206,430,-34.7194013909588,-41.8364189573659,120.5767,,309.4233,1,59.780779644865106,,
219,2564802,Denzel Mims,NYJ,WR,50.0,0.0,,80.46829473685791,58.9195991058122,112.33311560168,30.3261420774082,71,1.6168762977058997,10.0,53.413516495867796,199.7,72.3,9.5,4.216117090168741,16.0,-42.107329882663706,451,-41.4568294764034,-26.5878831743656,172.82,1.0,278.18,1,80.46829473685791,,
220,2557889,Gerald Everett,LAR,TE,26.0,3.0,,57.2798799798285,46.5,65.60403669724771,8.62611313876291,32,1.52062696018108,10.0,19.104036697247697,240.1,29.6,4.6,3.9199494220386897,,-42.2678517668438,452,-35.4692001987084,-46.9841337843019,210.05,,241.95,1,57.2798799798285,,
221,100027,Steelers,PIT,DST,,,,127.946820318579,104.90533532041701,184.255377906977,47.729279470192296,5,11.638275416382502,1.0,79.35004258655941,145.6,,,8.99550731002283,,-42.30339357868021,453,0.0688474913065136,-0.61727713178297,106.555,3.9,346.445,4,31.9867050796448,,
222,2561046,Will Dissly,SEA,TE,,2.0,,56.36655440569999,41.2036809815951,77.8396138909214,17.6387587120955,33,1.93407858890251,10.0,36.63593290932629,223.7,28.3,4.6,3.9199494220386897,,-43.1811773409724,458,-40.765519217113294,-34.7485565906283,159.45,1.0,298.55,1,56.36655440569999,,
223,2495448,Randall Cobb,HOU,WR,30.0,9.0,,78.90283687830409,57.930998509687,94.7697107754722,14.8023863046417,72,0.15656909544334502,10.0,36.838712265785105,203.7,72.7,6.4,3.63380407143695,43.0,-43.672787741217604,464,-42.4454300725286,-44.151288000573395,182.67,1.2,281.33,2,39.451418439152,,
225,2506106,Larry Fitzgerald,ARI,WR,37.0,16.0,,78.6925355657214,68.58659910581221,94.114780923994,12.0773985179177,74,2.07216997553928,10.0,25.5281818181818,193.9,69.9,6.7,3.69015694421745,38.0,-43.8830890538002,467,-31.789829476403398,-44.8062178520516,139.8133,1.0,327.1867,1,78.6925355657214,,
226,2564043,Darrynton Evans,TEN,RB,50.0,0.0,,66.76939967662679,51.5695976154993,78.9448602234939,11.0587807012589,58,1.7687849675513998,13.0,27.3752626079947,194.3,62.0,10.3,5.22939547143964,,-44.371634374459106,469,-44.527863884749095,-45.8601159774211,182.48,1.0,286.52,1,66.76939967662679,,
227,497236,Jimmy Graham,CHI,TE,34.0,10.0,,55.1519516335949,46.7519970193741,63.6271927489114,8.422956412441241,34,1.43895163359495,10.0,16.875195729537403,257.7,32.1,3.3,3.2598234216682593,,-44.3957801130774,471,-35.2172031793343,-48.960977732638206,162.69,,308.31,1,55.1519516335949,,
229,2561036,Sam Darnold,NYJ,QB,23.0,2.0,,204.66138021284598,174.66,231.373543155205,22.133268646997298,27,21.3548895813442,7.0,56.7135431552055,186.7,26.1,2.8,4.85528033996551,12.0,-45.2077697028029,481,-52.087234774089204,-37.979286015187,156.9233,4.8,324.0767,5,40.9322760425691,,
230,2533034,Lamar Miller,NE,RB,29.0,8.0,,65.6228753522044,26.493600596125198,82.2136148310006,20.8735406923285,59,1.75646107415511,13.0,55.7200142348754,260.0,76.1,15.4,6.94618315419641,2.0,-45.5181586988815,485,-69.6038609041232,-42.591361369914395,186.12,1.2,298.88,2,32.8114376761022,,
233,2564586,Devin Asiasi,NE,TE,50.0,0.0,,53.05383058230429,28.388998509687,77.4142369438507,20.1821467479334,36,3.19936493182652,11.0,49.025238434163704,307.9,40.0,6.8,5.037085730357889,,-46.493901164368104,497,-53.58020168902139,-35.1739335376989,202.47,,294.53,1,53.05383058230429,,
234,2560920,James Washington,PIT,WR,24.0,2.0,,75.8682753403933,41.2,113.85003558718901,31.6439262965048,76,1.2402036835935202,10.0,72.6500355871886,184.0,67.1,8.0,3.9343527262662596,27.0,-46.707349279128294,500,-59.17642858221561,-25.070963188857004,144.655,1.25,355.345,2,37.934137670196705,,
236,2557986,David Njoku,CLE,TE,24.0,3.0,,52.111811441966104,38.2429970193741,66.49232558139539,17.4342734404141,37,5.596414396989791,11.0,28.249328562021297,254.7,32.3,5.5,4.37695972998745,,-47.43592030470629,507,-43.7262031793343,-46.0958449001543,83.8,,423.2,1,52.111811441966104,,
237,2565054,Joshua Kelley,LAC,RB,50.0,0.0,,63.35447449015221,51.923994038748106,75.7307805752435,12.8541701029514,61,1.69011456488848,14.0,23.806786536495398,190.5,60.4,9.9,5.09474545710578,,-47.7865595609337,516,-44.1734674615003,-49.0741956256715,188.86,,327.14,1,63.35447449015221,,
239,2540202,Kenny Stills,HOU,WR,28.0,7.0,,74.4959758454106,46.5,94.86733096085409,21.612338075711,78,2.9684756449483403,10.0,48.367330960854105,212.2,76.7,8.9,4.10341134460775,20.0,-48.07964877411101,525,-53.8764285822156,-44.053667815191496,160.1,,364.9,1,74.4959758454106,,
241,2556885,Jalen Richard,LVR,RB,27.0,4.0,,61.94664882887321,51.914991058122204,70.0537665060826,8.8857144197312,62,1.2518382661891698,14.0,18.1387754479604,244.9,72.5,6.8,4.05120784601834,,-49.19438522221271,539,-44.18247044212621,-54.751209694832404,186.02,1.08,352.98,1,61.94664882887321,,
242,2562406,Bryce Love,WAS,RB,50.0,1.0,,61.382071021654205,27.5947540983607,87.4200969605041,29.389829281381303,63,1.46983339969914,14.0,59.8253428621434,222.8,66.6,14.1,6.508570607611349,3.0,-49.758963029431705,544,-68.5027074018877,-37.3848792404109,169.23,1.57,374.77,2,30.691035510827103,,
243,2543465,Teddy Bridgewater,CAR,QB,28.0,6.0,,199.62760315171602,135.538190545455,228.94563597189702,37.7224338216593,28,36.836858356898205,7.0,93.40744542644241,174.2,24.9,3.0,6.479066417575001,7.0,-50.2415467639324,551,-91.20904422863458,-40.4071931984955,151.895,4.0,399.105,4,49.906900787929004,,
244,2540011,Chris Thompson,JAC,RB,30.0,7.0,,60.007550103713896,34.8589970193741,71.1784086288727,14.0704200963017,65,0.27156992472693303,14.0,36.3194116094987,235.7,70.8,9.9,5.09474545710578,,-51.133483947372,558,-61.2384644808743,-53.626567572042205,171.19,1.2,386.81,2,30.0037750518569,,
245,2543715,Jerick McKinnon,SF,RB,28.0,6.0,,59.8169251401962,44.039195230998494,73.86289019859291,13.9941568497386,66,0.7467092899159129,14.0,29.8236949675944,238.9,70.3,11.7,5.700670521608171,,-51.3241089108896,561,-52.0582662692499,-50.9420860023221,151.42,2.0,409.58,2,29.9084625700981,,
246,2560835,Rashaad Penny,SEA,RB,24.0,2.0,,59.6550352177776,28.123397913561803,79.1317615499255,20.6040318888936,67,2.09756667453026,14.0,51.008363636363605,210.8,66.1,10.2,5.19573296785618,,-51.485998833308294,562,-67.9740635866865,-45.67321465098951,130.765,1.0,431.235,1,59.6550352177776,,
248,2559924,Ito Smith,ATL,RB,25.0,2.0,,58.485396482783095,47.4619970193741,68.61993636320311,12.570174735119698,68,2.90918317169274,14.0,21.157939343829103,238.2,70.7,7.0,4.11853285318527,,-52.655637568302794,573,-48.6354644808743,-56.1850398377119,164.785,1.0,408.215,1,58.485396482783095,,
249,2533040,Mohamed Sanu,NE,WR,31.0,8.0,,69.5430487943852,47.6,83.5670385427734,17.5489539185448,80,2.2798982599360498,11.0,35.9670385427734,224.3,80.1,7.4,3.82164698070527,31.0,-53.0325758251364,577,-52.77642858221561,-55.3539602332722,192.05,,384.95,1,69.5430487943852,,
250,100017,Rams,LAR,DST,,,,116.89181164713101,104.76466467958299,127.92351744186001,13.497301231513902,6,2.4539705758130497,2.0,23.1588527622778,192.9,,,3.89069940656313,,-53.358402250128094,582,-0.0718231495280719,-56.949137596899206,141.0267,1.25,440.9733,2,58.445905823565504,,
253,2540156,Giovani Bernard,CIN,RB,29.0,7.0,,56.629540603711604,54.92279880774961,57.319808191366995,1.04204363026965,69,2.3232783049788597,14.0,2.39700938361739,216.2,66.8,6.3,3.88289532810101,,-54.5114934473743,592,-41.1746626924988,-67.48516800954799,192.46,,399.54,1,56.629540603711604,,
254,100021,Patriots,NE,DST,,,,115.725278157262,104.182265275708,189.63933139534902,46.909325546053104,7,3.9679065931485997,3.0,85.4570661196409,163.3,,,8.873232539828882,,-54.524935739997204,594,-0.654222553402874,4.76667635658913,138.1633,1.8,455.8367,2,57.862639078631,,
257,79607,LeSean McCoy,TB,RB,32.0,11.0,,54.5228860184691,22.2918032786885,76.1153040411742,23.7310726324128,70,1.3603963655481597,14.0,53.82350076248571,253.1,74.9,14.5,6.6432206219452095,,-56.618148032616794,614,-73.80565822155991,-48.6896721597408,132.7067,1.0,481.2933,1,54.5228860184691,,
258,2543743,Carlos Hyde,SEA,RB,29.0,6.0,,54.0896385789964,26.877803278688503,62.734112180709104,13.454336566691401,71,2.5719682155737003,14.0,35.8563089020206,188.5,58.6,9.5,4.96009544277192,,-57.0513954720895,618,-69.2196582215599,-62.070864020205896,149.2267,2.0,468.7733,2,27.0448192894982,,
259,100022,Saints,NO,DST,,,,113.150403985374,98.00719821162441,121.94636627906999,11.465814959706199,8,3.87899518149736,4.0,23.9391680674453,178.6,,,3.5877561438691803,18.0,-57.0998099118852,619,-6.82928961748634,-62.926288759689896,140.105,1.3,478.895,2,56.575201992687,,
260,2560878,Tre'Quan Smith,NO,WR,,2.0,,65.07762842341721,39.7,85.40109090909091,21.6830523603021,83,0.379759826266863,11.0,45.7010909090909,242.5,86.5,8.8,4.08462705368092,22.0,-57.4979961961044,623,-60.67642858221561,-53.519907866954696,162.5,,460.5,1,65.07762842341721,,
262,2540215,Vance McDonald,PIT,TE,30.0,7.0,,41.4542643948296,30.6,51.611976744186,12.2639724420965,41,0.474175783539557,11.0,21.011976744186,281.9,36.4,4.1,3.6660548065116,,-58.0934673518427,632,-51.3692001987084,-60.97619373736361,77.8,,554.2,1,41.4542643948296,,
263,2563731,Tee Higgins,CIN,WR,50.0,0.0,,64.3388882734239,1.2251636363636398,91.3315378674976,36.9463254387153,85,2.9551995239716398,11.0,90.106374231134,219.5,79.0,9.3,4.17854850831508,18.0,-58.23673634609771,635,-99.15126494585199,-47.5894609085479,182.29,,452.71,1,64.3388882734239,,
266,2555464,DeAndre Washington,KC,RB,27.0,4.0,,52.2353407268454,21.0,65.5884395559607,19.092023141531698,72,1.95784445262784,14.0,44.588439555960704,209.3,64.6,11.3,5.5660205072743,,-58.9056933242405,642,-75.0974615002484,-59.2165366449543,170.39,1.67,471.61,2,26.1176703634227,,
268,100020,Vikings,MIN,DST,,,,110.364339142853,98.51973174366621,158.54776162790702,41.0224628716447,9,2.64991080403067,4.0,60.0280298842408,191.7,,,7.99536030885898,1.0,-59.885874754406395,647,-6.31675608544461,-26.3248934108527,142.2933,1.13,504.7067,2,55.1821695714264,,
271,2540269,C.J. Anderson,FA,RB,29.0,7.0,,50.8,50.8,50.8,,73,1.33983271357755,15.0,0.0,344.0,102.1,7.9,4.42149538543646,,-60.3410340510859,651,-45.297461500248396,-74.004976200915,156.8,,494.2,1,50.8,,
274,2550284,Trey Burton,IND,TE,29.0,6.0,,38.5299031274026,15.26,54.717552068140705,16.6394237028025,46,2.2554201661805,11.0,39.4575520681407,289.2,38.5,7.7,5.49409603830665,,-61.0178286192698,660,-66.7092001987084,-57.8706184134089,130.3,,529.7,1,38.5299031274026,,
277,2552382,Malcolm Brown,LAR,RB,27.0,5.0,,49.1653420244097,19.9,64.9145646437995,18.326954999570802,75,0.691747828940159,15.0,45.014564643799496,201.9,63.4,7.6,4.32050787468607,,-61.97569202667621,668,-76.19746150024841,-59.8904115571155,181.7,,486.3,1,49.1653420244097,,
278,100031,Buccaneers,TB,DST,,,,108.178478464901,93.87,118.13084302325599,11.8818552043404,10,0.98416320790065,4.0,24.260843023255802,240.7,,,3.64979770962847,17.0,-62.0717354323586,669,-10.9664878291108,-66.7418120155039,162.93,,506.07,1,108.178478464901,,
279,2508061,Antonio Brown,FA,WR,32.0,10.0,,60.3,60.3,60.3,,87,3.35209736194727,11.0,0.0,278.7,97.1,14.4,5.13654734558351,,-62.2756246195216,671,-40.0764285822156,-78.6209987760456,113.5967,2.75,557.4033,3,20.1,,
281,2560862,Jaylen Samuels,PIT,RB,24.0,2.0,,48.4661907213774,32.0,63.8692053506982,15.592565662048399,77,0.8267483445352891,15.0,31.8692053506982,273.8,79.1,9.0,4.79178292485459,,-62.6748433297085,675,-64.0974615002484,-60.9357708502168,150.99,,524.01,1,48.4661907213774,,
282,100014,Colts,IND,DST,,,,107.25037821274401,99.37609249845791,113.65495412844,7.467320920993839,11,1.9393838828196401,4.0,14.2788616299825,229.3,,,2.9914849079961496,21.0,-62.9998356845156,677,-5.46039533065287,-71.2177009103193,168.995,1.2,508.005,2,53.62518910637179,,
283,100016,Chiefs,KC,DST,,,,107.138252301256,100.09,149.414128440367,32.7595328693365,12,3.68763672236265,4.0,49.324128440367005,185.9,,,6.76315952608745,3.0,-63.111961596003,679,-4.74648782911078,-35.4585265983927,145.34,1.13,533.66,2,53.5691261506281,,
287,2495469,Dion Lewis,NYG,RB,30.0,9.0,,46.6749203777374,23.756,56.9518787878788,14.004097879011299,80,2.15028357908675,15.0,33.1958787878788,274.2,78.7,5.4,3.5799327958498197,,-64.4661136733485,692,-72.3414615002484,-67.85309741303621,174.1,1.0,517.9,1,46.6749203777374,,
288,2562631,Miles Boykin,BAL,WR,50.0,1.0,,57.81327551020411,42.0,71.5673217391304,15.4778527724912,89,2.4777517506645497,11.0,29.567321739130396,235.2,83.9,7.8,3.8967841444126,,-64.7623491093175,694,-58.3764285822156,-67.3536770369152,163.6,,530.4,1,57.81327551020411,,
292,2564970,Chase Claypool,PIT,WR,50.0,0.0,,56.08252976590139,7.80014545454546,82.1521060831866,31.282403160313002,90,1.5104302457841599,11.0,74.3519606286411,254.2,90.0,10.5,4.40395999943706,11.0,-66.4930948536202,711,-92.5762831276701,-56.768892692859,186.38,,524.62,1,56.08252976590139,,
293,100030,Seahawks,SEA,DST,,,,103.483736358592,94.2,112.668500930935,12.3804867516657,13,1.4170165535163302,4.0,18.4685009309351,228.8,,,3.72415561690315,16.0,-66.7664775386674,712,-10.636487829110802,-72.2041541078245,166.2333,,545.7667,1,103.483736358592,,
294,100012,Titans,TEN,DST,,,,103.417494799195,98.0543806646526,147.424389534884,34.7419800022378,14,2.84898523222651,4.0,49.3700088702311,221.4,,,7.0587898785510195,2.0,-66.8327190980639,713,-6.7821071644582105,-37.448265503876,174.74,,538.26,1,103.417494799195,,
299,2560907,Marquez Valdes-Scantling,GB,WR,26.0,2.0,,54.5223914080218,33.1614008941878,65.9139753420946,13.881643366912199,93,0.909380892791013,12.0,32.7525744479068,253.3,91.2,9.2,4.1597642173882505,,-68.0532332114998,724,-67.2150276880278,-73.00702343395099,102.6,,621.4,1,54.5223914080218,,
300,2560733,Royce Freeman,DEN,RB,24.0,2.0,,43.009786631595,27.185997019374103,57.8389700475636,15.874247412466199,83,5.34533909115033,15.0,30.652973028189503,251.3,74.0,10.9,5.43137049294044,,-68.1312474194909,726,-68.9114644808743,-66.9660061533514,108.4,,617.6,1,43.009786631595,,
304,2564418,Bryan Edwards,LVR,WR,50.0,0.0,,53.384573662040395,0.5157047272727271,89.18911249604841,41.2848900635079,95,0.915131150666404,12.0,88.67340776877572,245.7,87.1,20.0,6.1884676374861005,1.0,-69.19105095748121,735,-99.86072385494292,-49.731886279997205,196.13,,538.87,1,53.384573662040395,,
306,100025,Eagles,PHI,DST,,,,100.715944810956,98.10501510574021,138.147798165138,26.415172838916,15,0.702074048808598,4.0,40.042783059397394,208.8,,,5.8170634810423305,5.0,-69.53426908630361,740,-6.7314727233706,-46.7248568736221,166.5567,1.25,573.4433,2,50.3579724054778,,
308,100009,Broncos,DEN,DST,,,,100.42107432298201,97.56,136.453853211009,26.8715584338904,16,2.0739901599996102,4.0,38.8938532110092,208.4,,,5.88512150491716,4.0,-69.8291395742772,745,-7.2764878291107795,-48.4188018277505,158.03,1.0,586.97,1,100.42107432298201,,
310,2560836,Dante Pettis,SF,WR,25.0,2.0,,51.9753876232728,20.425,77.1787528807878,36.9700218456359,98,1.80970745598768,12.0,56.75375288078779,301.5,110.6,25.7,7.25917222031552,,-70.6002369962488,754,-79.9514285822156,-61.742245895257795,120.2,,633.8,1,51.9753876232728,,
311,100024,Jets,NYJ,DST,,,,99.6066672013121,95.7,103.130343617216,4.57311865170337,17,2.72895320332616,5.0,7.4303436172159305,246.8,,,2.55989002570589,23.0,-70.6435466959471,755,-9.136487829110779,-81.7423114215438,184.4,,570.6,1,99.6066672013121,,
319,2540160,Jordan Reed,SF,TE,30.0,7.0,,26.746740850161398,3.0,44.2536973624926,19.180183088135898,58,1.16469995280183,11.0,41.2536973624926,343.0,50.7,11.4,7.37291619320712,,-72.800990896511,777,-78.9692001987084,-68.334473119057,155.1,,621.9,1,26.746740850161398,,
321,100007,Browns,CLE,DST,,,,97.08750112465259,80.7,107.84263662790701,13.6014107290267,18,0.59258176750383,5.0,27.142636627907,248.9,,,3.90622462634515,14.0,-73.1627127726066,780,-24.1364878291108,-77.0300184108527,157.55,1.0,622.45,1,97.08750112465259,,
323,100032,Redskins,WAS,DST,,,,96.6679268713192,83.352749244713,112.66989534883699,19.462033261163498,19,0.8737032688065942,5.0,29.3171461041242,286.7,,,4.7801838235802805,6.0,-73.58228702594,783,-21.483738584397802,-72.2027596899225,131.4,,651.6,1,96.6679268713192,,
329,100015,Jaguars,JAC,DST,,,,95.2665353620468,88.55371601208459,99.8885029069767,5.52135821727785,21,0.7003373887394421,5.0,11.3347868948921,286.6,,,2.7012952578244502,22.0,-74.9836785352124,804,-16.2827718170262,-84.9841521317829,160.615,1.0,643.385,1,95.2665353620468,,
330,100013,Texans,HOU,DST,,,,94.63331835318891,88.6998187311178,97.4763302752294,4.12258199270678,22,0.5998340239158321,5.0,8.77651154411153,277.6,,,2.49270421828313,24.0,-75.6168955440703,808,-16.136669097993,-87.39632476353029,192.065,,615.935,1,94.63331835318891,,
331,100011,Packers,GB,DST,,,,94.49907759342591,80.3,109.171691461893,16.7519959820836,23,1.8977179854672,5.0,28.871691461893,237.3,,,4.37605235257793,11.0,-75.75113630383329,810,-24.536487829110797,-75.7009635768667,174.05,,635.95,1,94.49907759342591,,
332,2562407,Justice Hill,BAL,RB,50.0,1.0,,35.2450137116078,12.007997019374098,51.891354920290794,17.401916545751902,85,0.44317058078083,15.0,39.8833579009168,241.2,72.3,12.1,5.83532053594203,,-75.8960203394781,813,-84.0894644808743,-72.9136212806242,118.8,,694.2,1,35.2450137116078,,
339,100008,Cowboys,DAL,DST,,,,93.56789106512021,90.9201208459214,123.59376146788999,16.938571776830198,24,3.61767768940406,5.0,32.673640621968495,246.0,,,4.403875272567429,10.0,-76.682322832139,824,-13.9163669831893,-61.2788935708698,157.5033,,666.4967,1,93.56789106512021,,
354,2562832,Darwin Thompson,KC,RB,,1.0,,32.117891049981196,20.3,41.937072244353,11.123329234062801,90,3.5354784432922406,15.0,21.637072244353,266.1,76.6,8.3,4.5561453997703305,,-79.02314300110471,854,-75.7974615002484,-82.867903956562,79.5,,774.5,1,32.117891049981196,,
366,2556466,Peyton Barber,WAS,RB,26.0,4.0,,29.1711185759854,5.499,54.5195924321782,28.472926771747602,91,1.3230389845488502,15.0,49.020592432178205,267.2,77.7,10.4,5.26305797502311,,-81.96991547510049,886,-90.59846150024842,-70.2853837687368,115.5,,770.5,1,29.1711185759854,,
368,100028,Chargers,LAC,DST,,,,88.07735828806179,92.4,118.23789755813601,18.3681684438834,27,0.27373896031713196,6.0,25.8378975581363,205.7,,,4.61706237831544,7.0,-82.17285560919741,888,-12.436487829110801,-66.63475748062339,150.3767,1.14,737.6233,2,44.038679144030894,,
369,100006,Bengals,CIN,DST,,,,88.0012495951916,73.9596320592883,99.6951295879111,13.3752163462144,28,0.618930358993822,6.0,25.735497528622798,319.0,,,3.87249362590317,15.0,-82.24896430206759,889,-30.8768557698224,-85.1775254508485,143.1,,745.9,1,88.0012495951916,,
371,2495240,Tyrod Taylor,LAC,QB,31.0,9.0,,166.985378111287,76.8538002980626,219.31498030077202,58.6987168663824,29,17.1024521937399,8.0,142.46118000271002,238.0,29.3,3.5,8.79114085114005,1.0,-82.8837718043618,892,-149.89343447602698,-50.0378488696202,200.16,2.5,691.84,3,55.66179270376221,,
403,2559362,Dare Ogunbowale,TB,RB,,3.0,,22.869565326658,10.2890029806259,30.7323638681357,9.76073190761315,98,0.558953773614821,16.0,20.4433608875098,292.6,83.4,9.4,4.92643293918845,,-88.2714687244279,978,-85.8084585196224,-94.07261233277929,159.5,,818.5,1,22.869565326658,,
406,2560967,Kalen Ballage,MIA,RB,,2.0,,22.365932495057997,7.0,33.3605169893576,15.3893381480988,99,0.21378718954386897,16.0,26.3605169893576,337.1,100.6,9.1,4.82544542843805,,-88.7751015560279,981,-89.09746150024841,-91.4444592115574,127.5,,853.5,1,22.365932495057997,,
444,2552429,Ty Montgomery,NO,RB,27.0,5.0,,16.8551884633879,13.682,19.7730029488791,4.44327961032114,108,2.00595282426411,16.0,6.091002948879111,338.5,97.6,9.1,4.82544542843805,,-94.285845587698,1032,-82.4154615002484,-105.031973252036,157.3,,874.7,1,16.8551884633879,,
480,2561029,Keke Coutee,HOU,WR,23.0,2.0,,19.366563944529997,13.276,22.9648831804281,8.54750677098298,144,0.83676964560863,13.0,9.68888318042813,306.8,109.8,14.0,5.061410181876179,,-103.209060674992,1104,-87.1004285822156,-115.956115595617,149.0,,955.0,1,19.366563944529997,,
531,2558008,Mitchell Trubisky,CHI,QB,26.0,3.0,,139.289463108138,82.69600596125191,182.210978121512,49.440452535964006,32,39.0325485043945,8.0,99.5149721602602,304.2,34.0,2.2,7.17623595519591,4.0,-110.57968680751002,1201,-144.051228812837,-87.14185104888041,138.4,1.86,1062.6,2,69.6447315540689,,
588,2540011,Chris Thompson,JAC,WR,30.0,7.0,,0.0,1.26,1.26,,230,0.03,13.0,0.0,235.7,70.8,9.9,4.29125425387607,,-122.575624619522,1339,-99.11642858221559,-137.660998776046,171.19,1.2,1167.81,2,0.0,,
594,2564499,Tua Tagovailoa,MIA,QB,50.0,0.0,,89.1117655670213,31.4853949329359,125.080104404655,41.6510164784327,34,29.9651672830854,9.0,93.59470947171872,284.7,32.4,2.4,6.53006637828051,6.0,-160.757384348627,1394,-195.261839841153,-144.272724765738,163.635,2.0,1230.365,2,44.5558827835106,,
601,2555261,Jacoby Brissett,IND,QB,28.0,4.0,,24.3401593612505,-1.4619970193740701,46.61212047934689,25.0486169447437,40,5.08686421960355,10.0,48.074117498721,346.9,40.9,3.7,5.63401864771499,,-225.528990554398,1401,-228.20923179346298,-222.740708691046,164.4,,1236.6,1,24.3401593612505,,
603,2552033,Jameis Winston,NO,QB,26.0,5.0,,18.9372849464078,-2.0467958271237,43.9275086972572,30.585566571915496,42,1.4148375206496,11.0,45.97430452438089,331.9,37.9,3.3,5.95133288421671,,-230.931864969241,1403,-228.794030601213,-225.425320473135,104.8,,1298.2,1,18.9372849464078,,
