,playerId,player,team,position,age,exp,bye,points,lower,upper,sdPts,positionRank,dropoff,tier,ptSpread,overallECR,positionECR,sdRank,risk,sleeper,vor,overallRank,vorLow,vorHigh,adp,auctionValue,adpDiff,cost,ppdollar,espn_names,espn_id
0,2557997.0,Christian McCaffrey,CAR,RB,24.0,3.0,,288.506696381997,265.133189269747,302.219263225506,15.233960085204899,1.0,25.2901064544101,1.0,37.0860739557596,1.2,1.1,0.6,2.16062740122466,,184.005398693837,1.0,179.709124192747,186.486060836345,1.9533,72.68,-0.9533,80.0,3.6063337047749595,Christian McCaffrey,3117251
1,2560968.0,Saquon Barkley,NYG,RB,23.0,2.0,,270.04935235493804,244.501192250373,297.133185132935,24.2279229646387,2.0,23.0185872299984,1.0,52.631992882562294,2.3,2.2,0.5,2.12748703544537,,165.548054666778,2.0,159.077127173373,181.399982743774,2.0533,67.725,-0.0533000000000001,75.0,3.60065803139917,Saquon Barkley,3929630
2,2555224.0,Ezekiel Elliott,DAL,RB,25.0,4.0,,256.383827500236,238.53919523099898,278.376831594635,17.097960088287103,3.0,21.6618011923795,2.0,39.8376363636363,3.5,3.1,1.0,2.29318886434183,,151.882529812076,3.0,153.115130153999,162.64362920547399,3.5133,60.345,-0.5133,67.0,3.8266242910482995,Ezekiel Elliott,3051392
3,2556075.0,Derrick Henry,TEN,RB,26.0,4.0,,237.67770274964198,217.315797317437,246.640251862891,12.164603584307,4.0,12.341726692760199,3.0,29.3244545454545,5.6,4.9,1.6,2.49203105901757,,133.176405061483,4.0,131.891732240437,130.90704947373,16.5267,50.265,-12.5267,56.0,4.2442446919579,Derrick Henry,3043078
4,2557991.0,Dalvin Cook,MIN,RB,25.0,3.0,,231.766349866071,192.707600596125,247.83387332339802,20.743886515343398,5.0,16.3906680500428,3.0,55.1262727272727,7.2,5.8,2.0,2.62459252213474,,127.265052177911,5.0,107.28353551912599,132.100670934237,7.7267,54.665,-2.7267,61.0,3.79944835846018,Dalvin Cook,3116593
5,2558019.0,Alvin Kamara,NO,RB,24.0,3.0,,218.90560224769402,196.3,238.737475226331,18.7487193903465,6.0,7.22552579643869,4.0,42.437475226331294,6.3,5.8,1.0,2.29318886434183,,114.404304559534,6.0,110.875934923001,123.00427283716999,4.04,57.42,1.96,64.0,3.42040003512021,Alvin Kamara,3054850
6,2562377.0,Josh Jacobs,LVR,RB,50.0,1.0,,211.845761384363,186.77719821162398,236.76171778457802,22.8327820243438,7.0,0.41893847160619696,4.0,49.9845195729537,12.1,8.8,2.2,2.6908732536933195,,107.34446369620301,7.0,101.353133134625,121.028515395417,20.5667,41.305,-13.5667,46.0,4.60534263879049,Josh Jacobs,4047365
7,2558116.0,Aaron Jones,GB,RB,26.0,3.0,,211.51439151814702,186.4,230.358581222057,18.4995623540546,8.0,0.283565855522596,4.0,43.9585812220566,20.7,12.0,2.0,2.62459252213474,,107.01309382998699,8.0,100.975934923001,114.625378832895,20.7067,39.62,-12.7067,44.0,4.80714526177607,Aaron Jones,3042519
8,2562722.0,Miles Sanders,PHI,RB,50.0,1.0,,211.339254307366,190.608792846498,226.55310880546398,18.0756539249916,9.0,1.00967102602934,4.0,35.944315958965994,18.2,11.0,2.0,2.62459252213474,,106.83795661920601,9.0,105.18472776949801,110.819906416303,25.9967,40.615,-16.9967,45.0,4.6964278734970195,Miles Sanders,4045163
9,2557976.0,Joe Mixon,CIN,RB,24.0,3.0,,211.122397017883,189.8,229.53199105812197,18.393092364111602,10.0,5.33945930818911,4.0,39.7319910581222,11.5,8.4,2.1,2.6577328879140296,,106.621099329723,10.0,104.375934923001,113.798788668961,12.6767,46.19,-2.6767,51.0,4.1396548434879,Joe Mixon,3116385
10,2561021.0,Nick Chubb,CLE,RB,25.0,2.0,,209.53676954479099,186.023397913562,227.295943368107,17.286472664262,11.0,10.5704290479889,4.0,41.272545454545394,11.3,8.5,2.0,2.62459252213474,,105.03547185663099,11.0,100.599332836562,111.562740978946,12.2,42.5,-1.2,47.0,4.458229139250871,Nick Chubb,3128720
11,2555230.0,Kenyan Drake,ARI,RB,,4.0,,202.029105874597,176.6,217.34788673621497,17.9240141107643,12.0,9.36782762945182,4.0,40.747886736214596,22.6,12.5,2.4,2.7571539852519,,97.5278081864368,12.0,91.17593492300051,101.614684347053,35.96,42.58,-23.96,47.0,4.298491614353121,Kenyan Drake,2979843
12,2560757.0,Lamar Jackson,BAL,QB,23.0,2.0,,345.916304439002,336.34500745156504,365.35272101261,13.851633190413999,1.0,23.5128791492054,1.0,29.0077135610455,32.0,1.6,0.6,3.05992571196935,,95.87364994026441,13.0,111.97328522934299,96.5142712180928,41.9167,38.4,-28.9167,43.0,8.04456521951166,Lamar Jackson,3916387
13,2559169.0,Austin Ekeler,LAC,RB,,,,195.903575119007,168.58479880775,223.339506010491,23.0012295680526,13.0,6.89430673386022,5.0,54.75470720274179,30.0,14.9,2.5,2.7902943510312004,,91.4022774308473,14.0,83.1607337307501,107.60630362133001,30.9733,38.52,-16.9733,43.0,4.55589709579086,Austin Ekeler,3068267
14,2558125.0,Patrick Mahomes,KC,QB,,3.0,,339.338330866488,322.203397913562,354.38682140110603,17.5904855894534,2.0,35.3432776463561,1.0,32.1834234875445,26.3,1.5,0.6,3.4415107884163905,,89.2956763677507,15.0,97.83167569133958,85.5483716065889,16.7267,39.89,-1.7267,44.0,7.71223479242018,Patrick Mahomes,3139477
15,2556370.0,Michael Thomas,NO,WR,26.0,4.0,,207.01678161865001,189.46147345454497,216.29564063037398,12.7622378448697,1.0,13.749120991308999,1.0,26.8341671758283,7.9,1.4,1.4,2.7441612252041696,,85.40505712935679,16.0,89.4517115389965,78.6669276122425,8.2333,51.13,7.7667,57.0,3.6318733617307,Michael Thomas,2976316
16,2552475.0,Todd Gurley,ATL,RB,26.0,5.0,,189.418981371282,164.0,205.315998509687,17.0153204466428,14.0,2.5662639375339,5.0,41.315998509687,36.9,17.1,3.2,3.02227691148623,,84.9176836831227,17.0,78.5759349230005,89.58279612052591,23.5067,24.525,-6.5067,27.0,7.015517828566019,Todd Gurley II,2977644
17,2558865.0,Chris Carson,SEA,RB,26.0,3.0,,188.599555399011,168.8,207.227089418778,18.9736299815778,15.0,6.16409281681075,5.0,38.427089418777896,31.8,15.6,3.0,2.95599617992765,,84.0982577108513,18.0,83.3759349230005,91.4938870296168,28.9867,22.83,-10.9867,26.0,7.25382905380812,Chris Carson,3919596
18,2557973.0,Leonard Fournette,JAC,RB,24.0,3.0,,185.105879468486,150.2,204.669384591022,23.6622385475068,16.0,6.61332158533739,5.0,54.4693845910216,42.6,19.0,3.1,2.98913654570694,,80.6045817803263,19.0,64.77593492300049,88.9361822018604,29.7233,21.525,-10.7233,24.0,7.712744977853579,Leonard Fournette,3115364
19,2540175.0,LeVeon Bell,NYJ,RB,28.0,7.0,,179.765045695915,157.3,204.12021426563598,19.9632009359105,17.0,5.66731175106031,5.0,46.8202142656363,49.8,21.4,3.0,2.95599617992765,,75.26374800775491,20.0,71.8759349230005,88.3870118764752,28.3333,19.655,-8.3333,22.0,8.17113844072339,Le'Veon Bell,15825
20,2543495.0,Davante Adams,GB,WR,28.0,6.0,,195.94204842051602,185.19939940387502,201.752188377292,6.891529376430559,2.0,8.41872623197992,2.0,16.552788973417,9.8,2.2,1.0,2.6746892644293503,,74.3303239312234,21.0,85.18963748832591,64.12347535916061,10.9833,44.395,10.0167,49.0,3.9988173147044104,Davante Adams,16800
21,2553435.0,David Johnson,HOU,RB,29.0,5.0,,177.220070070383,161.2,194.820131783935,16.6470614574345,18.0,6.56434023857241,5.0,33.620131783934696,47.2,20.4,3.1,2.98913654570694,,72.71877238222291,22.0,75.77593492300049,79.08692939477359,35.4733,18.055,-13.4733,20.0,8.86100350351913,David Johnson,2508176
22,2556214.0,Tyreek Hill,KC,WR,26.0,4.0,,190.593272834165,164.546199701937,208.67650112516603,19.8143170047828,3.0,11.924359803887599,2.0,44.1303014232288,12.7,3.4,1.0,2.6746892644293503,,68.98154834487221,23.0,64.5364377863885,71.0477881070349,13.3333,41.555,9.6667,46.0,4.14333201813402,Tyreek Hill,3116406
23,2540258.0,Travis Kelce,KC,TE,31.0,7.0,,165.653014619797,154.353800298063,175.882345752608,10.4246393252309,1.0,23.162132881717,1.0,21.528545454545498,17.5,1.2,0.4,2.55065168196596,,66.9874943372366,24.0,71.798001490313,63.2445652661475,17.7433,35.05,6.2567,39.0,4.24751319537942,Travis Kelce,15847
24,2557978.0,James Conner,PIT,RB,25.0,3.0,,170.975397819326,158.000596125186,185.44649716034002,14.925019370561198,19.0,2.0967418407688,6.0,27.4459010351542,43.4,19.1,3.7,3.18797874038269,,66.4741001311663,25.0,72.5765310481868,69.71329477117929,24.9467,21.185,0.0533000000000001,24.0,7.123974909138581,James Conner,3045147
25,2552469.0,Melvin Gordon,DEN,RB,27.0,5.0,,170.336061844294,148.669001490313,188.07412604547298,19.410206310478,20.0,5.93994774290866,6.0,39.4051245551601,43.9,19.4,2.6,2.8234347168104903,,65.8347641561347,26.0,63.2449364133135,72.340923656312,35.6833,22.395,-9.6833,25.0,6.813442473771781,Melvin Gordon,2576434
26,2562734.0,Devin Singletary,BUF,RB,50.0,1.0,,167.42125011282,126.969597615499,198.374081601264,31.0750074316536,21.0,7.38706389178097,6.0,71.4044839857651,66.0,26.2,3.3,3.0554172772655295,,62.9199524246602,27.0,41.5455325384998,82.6408792121032,61.11,14.715,-34.11,17.0,9.84830883016587,Devin Singletary,4040761
27,2495454.0,Julio Jones,ATL,WR,31.0,9.0,,184.45337154290797,166.19379880775,191.088643116212,9.60547690893763,4.0,14.090204126779598,3.0,24.8948443084619,13.3,3.6,1.1,2.69205725462305,,62.8416470536147,28.0,66.1840368922007,53.4599300980803,15.0733,38.48,12.9267,43.0,4.28961329169552,Julio Jones,13982
28,2562502.0,David Montgomery,CHI,RB,50.0,1.0,,161.370978089952,140.485394932936,182.448823921177,22.099562169554602,22.0,4.3218325299492095,6.0,41.96342898824079,53.9,22.5,3.1,2.98913654570694,,56.869680401792,29.0,55.06132985593639,66.7156215320156,44.14,14.645,-15.14,17.0,9.49241047587951,David Montgomery,4035538
29,2558266.0,George Kittle,SF,TE,27.0,3.0,,155.092716554976,147.04520201525298,162.182945719263,7.13845018663699,2.0,25.841408919959,2.0,15.1377437040101,18.6,1.8,0.4,2.55065168196596,,56.4271962724151,30.0,64.4894032075034,49.5451652328026,25.0633,30.105,4.9367,34.0,4.56155048691105,George Kittle,3040151
30,2532975.0,Russell Wilson,SEA,QB,32.0,8.0,,305.468519713105,284.76,323.029762146051,14.878663542246802,3.0,7.20386910289284,2.0,38.2697621460507,59.8,4.7,1.3,3.53783973034477,,55.4258652143674,31.0,60.3882777777777,54.191312351533206,66.02,16.385,-35.02,17.0,17.968736453712,Russell Wilson,14881
31,2553728.0,Raheem Mostert,SF,RB,,,,158.697394352126,133.415797317437,176.390859511511,20.182572884116002,23.0,12.0565559467746,6.0,42.97506219407471,62.0,25.1,3.2,3.02227691148623,,54.1960966639664,32.0,47.9917322404372,60.65765712235021,48.69,14.605,-16.69,15.0,10.5798262901417,Raheem Mostert,2576414
32,2555260.0,Dak Prescott,DAL,QB,27.0,4.0,,302.521586727159,276.146199701937,319.685637509944,16.2984557624119,4.0,13.6256829034836,2.0,43.5394378080062,55.3,3.6,1.0,3.52284464421061,,52.4789322284219,33.0,51.7744774797152,50.8471877154261,77.54,17.46,-44.54,18.0,16.8067548181755,Dak Prescott,2577417
33,2558052.0,Kenny Golladay,DET,WR,27.0,3.0,,172.88445451764701,158.98479880775,189.49123979948502,13.8851646877863,5.0,5.50690595136322,4.0,30.506440991735502,19.7,6.9,1.5,2.76152921539788,,51.2727300283545,34.0,58.9750368922007,51.8625267813539,36.1667,25.165,-2.1667,26.0,6.64940209683259,Kenny Golladay,2974858
34,2495466.0,Mark Ingram,BAL,RB,31.0,9.0,,155.400896767879,142.262,164.782969813742,10.343850882014301,24.0,17.6872233645528,7.0,22.520969813741697,52.8,22.2,3.9,3.2542594719412703,,50.8995990797192,35.0,56.837934923000496,49.049767424580494,44.6833,14.325,-9.6833,15.0,10.3600597845253,Mark Ingram II,13981
35,2540165.0,DeAndre Hopkins,ARI,WR,28.0,7.0,,167.841880314609,131.22884654545499,191.111171707292,24.5168034496697,6.0,1.03389339627921,4.0,59.88232516183721,19.7,6.9,2.6,2.95257710752864,,46.230155825315705,36.0,31.219084629905602,53.4824586891605,12.3,38.805,23.7,39.0,4.30363795678484,DeAndre Hopkins,15795
36,2543468.0,Mike Evans,TB,WR,27.0,6.0,,166.91321681796,141.68479880774998,189.45363252939302,18.974638972924897,7.0,2.7405352912925602,4.0,47.768833721643496,24.8,9.2,2.6,2.95257710752864,,45.301492328666896,37.0,41.6750368922007,51.8249195112619,27.3633,24.49,9.6367,25.0,6.676528672718391,Mike Evans,16737
37,2558105.0,Chris Godwin,TB,WR,24.0,3.0,,166.702757018699,150.861997019374,183.62268736912603,16.231533526512,8.0,6.21042153632544,4.0,32.7606903497521,17.3,6.0,2.1,2.86573715656011,,45.0910325294061,38.0,50.85223510382521,45.993974350994904,29.59,30.68,8.41,31.0,5.377508290925769,Chris Godwin,3116165
38,2558063.0,Deshaun Watson,HOU,QB,25.0,3.0,,294.007714493264,284.44,317.842281652129,15.902559598194802,5.0,12.3602157745312,2.0,33.402281652129105,64.4,5.5,1.4,3.6956373744774997,,43.965059994527294,39.0,60.068277777777794,49.0038318576117,55.8267,14.795,-16.8267,15.0,19.600514299551,Deshaun Watson,3122840
39,2562238.0,A.J. Brown,TEN,WR,,1.0,,161.64260603463498,146.843997019374,178.892897254746,13.7527186220956,9.0,2.3772657623087796,4.0,32.0489002353719,,,,,,40.0308815453426,40.0,46.83423510382521,41.2641842366147,42.57,17.13,-2.57,18.0,8.980144779701972,A.J. Brown,4047646
40,2543496.0,Odell Beckham,CLE,WR,28.0,6.0,,159.342064930112,145.02339791356198,178.703367214719,16.527666285138,10.0,1.02191484485991,4.0,33.679969301156994,32.0,12.9,3.9,3.17836098004682,,37.7303404408187,41.0,45.013635998012894,41.0746541965876,26.7433,23.795,14.2567,24.0,6.63925270542132,Odell Beckham Jr.,16733
41,2552487.0,Amari Cooper,DAL,WR,26.0,5.0,,159.18861561454202,150.570254545455,174.51294386776902,12.6769110191264,11.0,2.41932693613978,5.0,23.942689322314,30.3,12.0,3.4,3.0915210290782897,,37.5768911252489,42.0,50.5604926299056,36.8842308496374,37.2367,18.795,4.7633,19.0,8.37834819023904,Amari Cooper,2976499
42,2541785.0,Adam Thielen,MIN,WR,30.0,6.0,,157.451684555962,146.701712313716,168.72067397777,10.6044955780667,12.0,1.8557558954293,5.0,22.018961664053997,33.2,13.4,3.7,3.1436249996594103,,35.8399600666687,43.0,46.691950398167,31.0919609596387,33.3567,21.845,9.6433,22.0,7.15689475254371,Adam Thielen,16460
44,2560813.0,D.J. Moore,CAR,WR,23.0,2.0,,156.086892800842,135.862470574182,180.484034121469,20.310812431073998,13.0,1.46048309512273,5.0,44.6215635472864,34.6,14.3,3.8,3.1609929898531095,,34.4751683115496,45.0,35.8527086586333,42.855321103337396,47.8933,20.37,-2.8933,21.0,7.432709180992499,DJ Moore,3915416
46,2562382.0,Kyler Murray,ARI,QB,50.0,1.0,,283.784093154086,261.603161835749,307.296059910581,25.809049296283003,6.0,7.32754853266636,2.0,45.6928980748324,60.4,4.8,1.1,4.546789640597249,,33.7414386553493,47.0,37.231439613526604,38.4576101160638,70.8433,17.57,-23.8433,18.0,15.765782953004802,Kyler Murray,3917315
47,2560888.0,Courtland Sutton,DEN,WR,25.0,2.0,,155.10496452022198,139.527464727273,183.953773550944,21.754914383635697,14.0,0.995062172145282,5.0,44.4263088236716,48.3,21.1,5.0,3.36940887217758,,33.4932400309293,48.0,39.517702811723794,46.3250605328131,75.83,12.11,-27.83,13.0,11.9311511169402,Courtland Sutton,3128429
48,2557917.0,Kareem Hunt,CLE,RB,25.0,3.0,,137.880780042824,116.623994038748,152.31457968931602,14.084965753828198,25.0,7.1524302967916595,8.0,35.690585650567705,79.9,30.2,3.2,3.02227691148623,,33.3794823546645,49.0,31.1999289617486,36.581377300154706,78.11,10.21,-29.11,11.0,12.5346163675295,Kareem Hunt,3059915
49,2560770.0,Ronald Jones,TB,RB,23.0,2.0,,137.546566763828,110.55280029806299,153.466469337209,17.3649110030066,26.0,17.1744568535915,8.0,42.9136690391459,83.7,31.2,6.0,3.95020715330639,,33.0452690756683,50.0,25.128735221063103,37.7332669480474,102.08,7.5,-52.08,8.0,17.1933208454785,Ronald Jones II,3912550
50,2540169.0,Robert Woods,LAR,WR,28.0,7.0,,154.147854891217,138.041964832503,168.59703911423,12.804754833813,15.0,0.24646041822660397,5.0,30.5550742817269,40.3,17.6,4.5,3.28256892120905,,32.536130401924304,51.0,38.0322029169543,30.9683260960989,53.8567,13.41,-2.8567,14.0,11.0105610636584,Robert Woods,15880
51,2558149.0,JuJu Smith-Schuster,PIT,WR,24.0,3.0,,154.071949804937,147.481599105812,160.442165045638,9.07588293776769,16.0,1.01771451260601,5.0,12.960565939825301,34.3,14.0,3.6,3.1262570094657005,,32.460225315643704,52.0,47.4718371902633,22.813452027506298,31.5667,20.74,20.4333,21.0,7.33675951452079,JuJu Smith-Schuster,3120348
52,2557898.0,Cooper Kupp,LAR,WR,27.0,3.0,,153.730839141045,137.223306110283,171.937196992277,16.077389053438303,17.0,1.6393037919226299,5.0,34.7138908819943,42.2,18.3,4.1,3.21309696043423,,32.1191146517518,53.0,37.213544194734204,34.3084839741462,43.4467,17.07,9.5533,18.0,8.54060217450248,Cooper Kupp,2977187
53,2560957.0,Mark Andrews,BAL,TE,24.0,2.0,,129.88904692118498,118.430998509687,139.165730327869,9.54462100812157,3.0,8.30889465905558,3.0,20.7347318181818,28.6,3.0,0.2,2.48209485881488,,31.2235266386241,54.0,35.8751997019374,26.5279498414083,70.4667,18.195,-16.4667,19.0,6.83626562743078,Mark Andrews,3116365
54,2552409.0,DeVante Parker,MIA,WR,27.0,5.0,,152.377631443617,132.74599701937402,171.594472493093,19.4709306993142,18.0,0.755268970552009,5.0,38.848475473719,53.3,23.7,4.3,3.24783294082164,,30.7659069543236,55.0,32.7362351038251,33.9657594749619,60.335,9.805,-5.335,10.0,15.237763144361699,DeVante Parker,2576623
55,2543509.0,Allen Robinson,CHI,WR,27.0,6.0,,151.805439254628,142.230998509687,165.61642284562998,11.1214927616716,19.0,0.41090196581720295,5.0,23.385424335943103,30.8,12.1,3.8,3.1609929898531095,,30.1937147653347,56.0,42.221236594138105,27.9877098274989,46.3467,22.875,9.6533,23.0,6.60023648933163,Allen Robinson II,16799
56,2540158.0,Zach Ertz,PHI,TE,30.0,7.0,,128.613568348849,109.20979880774999,141.904231405746,13.858871360339698,4.0,16.749806390892402,3.0,32.6944325979968,49.2,4.2,0.4,2.55065168196596,,29.948048066288198,57.0,26.654,29.266450919285802,43.9,14.65,13.1,15.0,8.57423788992326,Zach Ertz,15835
57,2560854.0,Calvin Ridley,ATL,WR,26.0,2.0,,151.439285691501,135.621729454545,163.152922627686,11.475970405096,20.0,2.38639223446839,5.0,27.531193173140398,37.6,16.1,3.8,3.1609929898531095,,29.8275612022086,58.0,35.6119675389965,25.5242096095546,51.98,15.055,6.02,16.0,9.46495535571884,Calvin Ridley,3925357
58,2552430.0,Tyler Lockett,SEA,WR,28.0,5.0,,151.349788886119,139.38399701937402,160.94177132233102,9.00636793893232,21.0,5.35550256973852,5.0,21.5577743029567,43.2,19.3,3.7,3.1436249996594103,,29.7380643968263,59.0,39.3742351038251,23.3130583041996,53.15,11.11,5.85,12.0,12.6124824071766,Tyler Lockett,2577327
59,2560955.0,Josh Allen,BUF,QB,24.0,2.0,,279.51090428338,272.41520119225,298.762547664021,11.230958828010001,7.0,9.20231341957674,3.0,26.347346471770702,75.6,7.9,1.8,3.4320542078643,,29.468249784642897,60.0,48.043478970028104,29.9240978695036,101.4767,9.055,-41.4767,10.0,27.951090428338,Josh Allen,3918298
60,2558245.0,Harrison Butker,KC,K,25.0,3.0,,155.680316278744,148.124602881552,165.995234659305,10.9124516922942,1.0,1.57955871698033,1.0,17.870631777753,170.4,1.6,0.7,1.94174842507566,,26.329272948245396,62.0,28.861269548218697,27.394744398940002,130.1633,3.365,-68.1633,4.0,38.9200790696859,Harrison Butker,3055899
61,2562489.0,Terry McLaurin,WAS,WR,50.0,1.0,,146.75599802794702,129.961997019374,160.961011965993,12.3095794510475,22.0,2.4043587110619704,5.0,30.9990149466192,46.6,20.5,4.4,3.2652009310153502,,25.144273538654105,63.0,29.952235103825103,23.3322989478621,60.15,10.525,2.85,11.0,13.341454366177,Terry McLaurin,3121422
62,2556601.0,Wil Lutz,NO,K,26.0,4.0,,154.166758081333,143.76,161.024045428974,7.504380593943219,2.0,4.26892667932543,1.0,17.2640454289736,182.8,3.9,2.8,3.39711579984214,,24.8157147508349,64.0,24.496666666666698,22.423555168608498,141.7133,2.12,-77.7133,3.0,51.3889193604443,Wil Lutz,2985659
63,2536340.0,Justin Tucker,BAL,K,31.0,8.0,,154.034757042193,134.81,165.217238281356,12.1492011663829,3.0,11.8531327255351,1.0,30.4072382813562,173.1,1.7,0.6,1.9650921108684498,,24.683713711695198,65.0,15.546666666666699,26.616748020991203,128.8633,3.51,-63.8633,4.0,38.508689260548294,Justin Tucker,15683
64,2540154.0,Keenan Allen,LAC,WR,28.0,7.0,,145.232574604814,134.449579036045,154.287718195366,8.48175336823837,23.0,2.0414310257836203,6.0,19.838139159321898,56.6,25.2,4.8,3.33467289179017,,23.6208501155215,66.0,34.439817120495704,16.6590051772353,49.1833,10.66,16.8167,11.0,13.2029613277104,Keenan Allen,15818
65,2504775.0,Drew Brees,NO,QB,41.0,19.0,,273.40218495946,255.38,290.53901997019403,14.4916597886831,8.0,6.96071454087615,3.0,35.159019970193704,90.8,10.5,2.4,4.08463591963513,,23.3595304607231,67.0,31.0082777777778,21.700570175676305,79.2667,7.83,-12.2667,8.0,34.1752731199325,Drew Brees,2580
66,2532865.0,T.Y. Hilton,IND,WR,31.0,8.0,,143.470704028956,126.4,155.57263338301001,12.7106390682898,24.0,1.02486871213748,6.0,29.172633383010396,57.8,25.7,4.5,3.28256892120905,,21.8589795396626,68.0,26.390238084451102,17.943920364879197,63.6733,9.035,4.3267,10.0,14.3470704028956,T.Y. Hilton,14924
67,2561018.0,D.J. Chark,JAC,WR,24.0,2.0,,142.91158312910602,125.0,164.594127962629,16.8557644451829,25.0,1.46475189623425,6.0,39.594127962628704,49.5,22.2,4.1,3.21309696043423,,21.2998586398132,69.0,24.990238084451104,26.9654149444974,58.755,11.45,10.245,12.0,11.9092985940922,DJ Chark Jr.,3115394
68,2562685.0,DK Metcalf,SEA,WR,50.0,1.0,,141.98008750453002,119.577198211624,165.57354992848,21.614668177755398,26.0,2.4235319704311804,6.0,45.9963517168554,,,,,,20.3683630152371,70.0,19.5674362960755,27.944836910348602,78.97,11.775,-8.97,12.0,11.831673958710802,DK Metcalf,4047650
69,2555418.0,Jordan Howard,MIA,RB,26.0,4.0,,123.910132728237,96.7543964232489,147.81909962213498,24.919830499683,27.0,8.03798766962224,8.0,51.0647031988859,88.4,32.3,4.1,3.32054020349985,,19.4088350400773,71.0,11.330331346249402,32.0858972329736,89.9133,4.355,-18.9133,5.0,24.782026545647398,Jordan Howard,3060022
70,2552608.0,Stefon Diggs,BUF,WR,27.0,5.0,,140.913574961214,125.976602086438,155.949245619661,13.037578790363801,27.0,5.51416163134439,6.0,29.9726435332231,59.1,26.3,3.8,3.1609929898531095,,19.3018504719208,72.0,25.966840170889203,18.3205326015301,57.7167,8.165,14.2833,9.0,15.657063884579301,Stefon Diggs,2976212
71,2504211.0,Tom Brady,TB,QB,43.0,20.0,,267.214996768146,220.988870772947,295.522040834575,31.8915509448328,9.0,3.5178085557902796,3.0,74.53317006162841,97.9,12.0,2.8,6.07365623535633,,17.1723422694092,74.0,-3.38285144927536,26.683591040057802,95.4033,8.085,-21.4033,9.0,29.6905551964607,Tom Brady,2330
72,2495450.0,A.J. Green,CIN,WR,32.0,9.0,,138.199536106984,119.92980029806299,147.655763355273,11.221419691686199,28.0,5.7183028100773505,6.0,27.72596305721,67.3,29.1,4.5,3.28256892120905,,16.587811617691,75.0,19.9200383825137,10.0270503371414,72.1933,7.995,2.8067000000000095,8.0,17.274942013373,A.J. Green,13983
73,2534797.0,Greg Zuerlein,DAL,K,33.0,8.0,,145.760905761822,134.54,154.187890184497,9.64703738755599,4.0,10.3823940119721,1.0,19.6478901844966,187.5,4.0,0.8,1.9159330729526298,,16.4098624313236,76.0,15.2766666666667,15.5873999241316,141.7,1.785,-65.7,2.0,72.88045288091091,Greg Zuerlein,14993
74,2552408.0,Darren Waller,LVR,TE,28.0,5.0,,114.546736175409,88.6449269145393,127.04025130861,16.5009877256064,5.0,7.30412061391817,4.0,38.395324394071004,60.4,5.5,1.6,2.9619926208724396,,15.881215892848699,77.0,6.0891281067896905,14.402470822149699,59.375,10.055,17.625,11.0,10.41333965231,Darren Waller,2576925
75,2506363.0,Aaron Rodgers,GB,QB,37.0,15.0,,265.667944069022,256.69240119225,281.005855737705,10.746175210410199,10.0,5.67294621245014,4.0,24.3134545454545,102.5,12.9,3.0,4.02217045672537,,15.6252895702846,78.0,32.3206789700281,12.1674059431874,84.85,6.435,-6.849999999999991,7.0,37.9525634384317,Aaron Rodgers,8439
80,2560809.0,Sony Michel,NE,RB,25.0,2.0,,116.834087092236,97.9081967213115,138.658119072,26.7897661970845,28.0,2.1438564868504,9.0,40.749922350689,105.9,38.2,7.6,4.48045300577505,7.0,12.3327894040763,83.0,12.484131644312,22.924916682839303,75.3567,3.06,7.6433,4.0,29.208521773059,Sony Michel,3128721
81,2555259.0,Carson Wentz,PHI,QB,28.0,4.0,,261.72643235569,242.42,276.78696482861403,14.196028271887801,11.0,7.121972977207919,4.0,34.366964828614,88.2,9.7,2.0,3.8412662810387794,21.0,11.6837778569532,84.0,18.0482777777777,7.94851503409654,86.4433,7.405,-2.44329999999999,8.0,32.7158040444613,Carson Wentz,2573079
83,2543488.0,Jarvis Landry,CLE,WR,28.0,6.0,,132.59929055275498,124.097399403875,137.395148489365,5.90667781226538,29.0,2.15130166509729,7.0,13.2977490854898,70.3,30.7,3.2,3.05678504869088,44.0,10.9875660634618,87.0,24.087637488325896,-0.23356452876663503,83.0833,5.32,3.9167000000000094,6.0,22.0998817587924,Jarvis Landry,16790
84,2560735.0,Michael Gallup,DAL,WR,24.0,2.0,,132.363176041058,120.46199701937401,140.553287901368,9.07355123658655,30.0,4.4807726393683796,7.0,20.0912908819943,66.8,29.4,4.6,3.2999369114027597,41.0,10.751451551765498,88.0,20.452235103825103,2.92457488323714,91.9633,5.675,-3.9633,6.0,22.060529340176398,Michael Gallup,4036348
86,71265.0,Jared Cook,NO,TE,33.0,11.0,,109.180787740504,84.63299701937409,122.425321100917,15.541727323405599,6.0,4.237380964869541,4.0,37.7923240815434,100.8,10.4,2.9,3.40761197135446,,10.515267457942901,90.0,2.07719821162445,9.78754061445686,87.8567,2.94,2.1433,3.0,36.39359591350121,Jared Cook,12537
87,2552453.0,Tevin Coleman,SF,RB,27.0,5.0,,114.91020302499399,100.23919523099899,125.97179367820299,11.1476955837097,29.0,2.4891604849565,9.0,25.732598447205,101.3,36.8,4.6,3.48624203239631,16.0,10.4089053368339,91.0,14.815130153999,10.2385912890423,89.8233,2.795,1.1767,3.0,38.30340100833121,Tevin Coleman,2979477
89,2558123.0,Marlon Mack,IND,RB,,3.0,,114.47025818577801,94.3239940387481,126.84700005198799,15.027968476604302,30.0,4.892455113962161,9.0,32.523006013239495,101.2,36.1,6.5,4.11590898220284,9.0,9.96896049761787,93.0,8.89992896174864,11.1137976628265,79.6067,3.45,13.3933,4.0,28.617564546444395,Marlon Mack,3139605
90,2506264.0,Robbie Gould,SF,K,38.0,15.0,,138.602342871495,126.71,146.929430604982,9.09607515952618,5.0,7.40430409238078,2.0,20.2194306049822,206.5,7.4,5.0,5.366891993729589,,9.2512995409966,94.0,7.44666666666666,8.32894034461717,179.135,1.61,-85.135,2.0,69.30117143574739,Robbie Gould,9354
93,310.0,Matt Ryan,ATL,QB,35.0,12.0,,258.263563357453,239.30668236715,267.473933288172,11.7070610604991,12.0,12.3313632880736,4.0,28.1672509210226,79.5,8.1,1.4,3.26744726174362,22.0,8.22090885871575,97.0,14.9349601449275,-1.3645165063451299,75.6767,8.365,21.3233,8.0,32.2829454196816,Matt Ryan,11237
96,2562379.0,Marquise Brown,BAL,WR,50.0,1.0,,128.532801734256,90.9064774105447,154.978472721853,27.285690622546,31.0,2.4182496807263,7.0,64.0719953113087,68.9,30.1,5.5,3.4562488231461095,38.0,6.92107724496356,100.0,-9.10328450500424,17.3497597037222,76.975,6.975,23.025,7.0,18.3618288191795,Marquise Brown,4241372
97,2557858.0,Evan Engram,NYG,TE,26.0,3.0,,105.304443382479,93.11166879851521,113.526681579561,10.495363164914801,7.0,3.0643707584683595,4.0,20.4150127810462,81.8,7.4,2.1,3.13338467875014,,6.638923099918129,101.0,10.5558699907656,0.888901093100785,76.43,4.575,24.57,5.0,21.0608886764958,Evan Engram,3051876
99,497240.0,Rob Gronkowski,TB,TE,31.0,10.0,,104.58237016878901,83.665998509687,121.947725782414,18.6787337767336,8.0,4.96609783607758,4.0,38.2817272727273,103.1,10.6,2.7,3.33905514820338,13.0,5.91684988622866,103.0,1.11019970193742,9.30994529595375,81.285,4.575,21.715,5.0,20.9164740337579,Rob Gronkowski,13229
100,2541161.0,Latavius Murray,NO,RB,30.0,7.0,,110.37182689429702,94.6219940387481,123.99912125728201,14.0400419959934,31.0,2.78296217295004,9.0,29.377127218534103,112.8,40.3,5.0,3.61880349551348,15.0,5.870529206136941,104.0,9.19792896174864,8.26591886812108,95.6267,2.46,8.3733,3.0,36.790608964765504,Latavius Murray,15920
101,2555466.0,Tyler Boyd,CIN,WR,26.0,4.0,,127.232005069124,110.46320119225,139.955248475816,13.2746547353393,32.0,2.3549727267521803,7.0,29.4920472835659,76.3,33.3,3.8,3.1609929898531095,43.0,5.62028057983071,105.0,10.4534392767014,2.3265354576850497,76.5967,5.585,28.4033,6.0,21.2053341781873,Tyler Boyd,3045144
104,2558918.0,Matt Breida,MIA,RB,25.0,3.0,,108.78377924933399,98.5991075290856,116.888936072505,9.68306339691173,32.0,2.4226853316219903,9.0,18.2898285434198,101.7,36.8,3.9,3.2542594719412703,22.0,4.282481561174509,108.0,13.175042452086101,1.1557336833443101,92.0433,3.305,15.9567,3.0,36.261259749778105,Matt Breida,3049916
109,238498.0,Julian Edelman,NE,WR,34.0,11.0,,124.99709903793699,114.610179767511,133.747057580274,9.798027411614731,33.0,0.819107814047513,8.0,19.1368778127625,79.1,34.5,5.2,3.404144852565,39.0,3.3853745486438,113.0,14.600417851962199,-3.8816554378575496,74.9633,4.535,38.0367,5.0,24.999419807587298,Julian Edelman,12649
112,2543498.0,Brandin Cooks,HOU,WR,27.0,6.0,,124.756965646806,114.126997019374,138.831634748961,11.441336366901801,34.0,1.4484618731813899,8.0,24.7046377295868,85.0,36.0,5.7,3.4909848035335296,36.0,3.14524115751324,116.0,14.117235103825099,1.20292173082962,80.6367,4.05,35.3633,4.0,31.1892414117015,Brandin Cooks,16731
114,2559205.0,Younghoe Koo,ATL,K,26.0,3.0,,132.154680628205,112.37,143.021427707053,11.703782633041401,6.0,2.35280649169846,2.0,30.651427707052697,245.9,13.8,5.6,6.091526247452579,,2.80363729770644,118.0,-6.89333333333333,4.420937446687651,167.005,1.055,-49.005,1.0,132.154680628205,Younghoe Koo,3049899
117,2532884.0,Marvin Jones,DET,WR,30.0,8.0,,123.59901680097201,103.841355636364,139.026757088134,16.1278683805345,35.0,2.980938467519,8.0,35.1854014517707,79.1,34.3,4.0,3.1957289702405203,42.0,1.9872923116793302,121.0,3.8315937208147095,1.3980440700031498,104.1467,3.285,16.8533,3.0,41.1996722669907,Marvin Jones Jr.,15072
118,2543773.0,James White,NE,RB,28.0,6.0,,106.39395019335899,79.8304023845007,118.752388283907,15.585827261774499,33.0,0.140942963866237,9.0,38.9219858994066,111.5,39.2,4.5,3.4531016666170196,19.0,1.89265250519929,122.0,-5.593662692498749,3.01918589474614,83.87,4.4,38.13,4.0,26.5984875483398,James White,16913
119,2559947.0,Phillip Lindsay,DEN,RB,26.0,2.0,,106.32823764206499,94.92399403874809,114.46012125728201,9.1365021469066,34.0,2.7404099308586205,9.0,19.5361272185341,106.2,38.0,5.3,3.7182245928513504,12.0,1.8269399539057498,123.0,9.49992896174864,-1.27308113187893,83.68,3.175,39.32,3.0,35.4427458806885,Phillip Lindsay,3052117
120,2560765.0,Kerryon Johnson,DET,RB,23.0,2.0,,106.17777681691999,81.1157973174367,122.863526476883,17.8150436950178,35.0,6.93037756802894,9.0,41.7477291594462,106.8,38.0,4.6,3.48624203239631,16.0,1.6764791287603602,124.0,-4.30826775956284,7.13032408772168,85.6,2.48,38.4,3.0,35.39259227230671,Kerryon Johnson,3916925
122,2555346.0,Will Fuller,HOU,WR,26.0,4.0,,123.01799074627701,90.675346724699,152.37983039891398,25.6358591252066,36.0,5.32864163016538,8.0,61.70448367421479,85.2,35.5,7.1,3.7341366662454103,18.0,1.4062662569843798,126.0,-9.33441519084991,14.751117380782599,87.5433,4.64,38.4567,5.0,24.6035981492555,Will Fuller V,3052876
123,2555341.0,Hunter Henry,LAC,TE,26.0,4.0,,99.8977750792316,82.3076005961252,114.19530605608999,14.2865817314357,9.0,1.84838219500629,5.0,31.8877054599648,85.1,8.5,2.5,3.2704983250523,17.0,1.2322547966708701,127.0,-0.248198211624441,1.55752556962941,72.0567,4.345,54.9433,4.0,24.9744437698079,Hunter Henry,3046439
124,2495455.0,Cam Newton,NE,QB,31.0,9.0,,250.94535539951198,214.101400894188,277.434416352653,25.6949386844544,13.0,10.0704174225784,4.0,63.3330154584649,126.7,16.2,4.6,6.400623102796089,6.0,0.902700900774875,128.0,-10.2703213280345,8.59596655813522,117.16,4.775,10.84,5.0,50.1890710799024,Cam Newton,13994
125,2562271.0,Matt Gay,TB,K,,1.0,,130.241396930023,118.02,135.68124492452299,7.6487179836340795,7.0,1.33553039928779,2.0,17.6612449245234,213.8,8.1,4.2,4.57571697688369,,0.890353599525184,129.0,-1.24333333333334,-2.9192453358416803,128.7,1.2,0.300000000000011,2.0,65.1206984650117,Matt Gay,4249087
127,2555364.0,Tyler Higbee,LAR,TE,27.0,4.0,,99.334769586192,80.6,113.285114425275,21.1470306198399,10.0,2.89466445650719,5.0,32.6851144252749,89.4,8.6,2.9,3.40761197135446,10.0,0.6692493036312901,131.0,-1.95579880774962,0.647333938814313,75.725,5.03,55.275,5.0,19.866953917238398,Tyler Higbee,2573401
131,2506677.0,Matt Prater,DET,K,36.0,14.0,,129.362351342989,121.77,135.429813152085,6.158626367834099,8.0,1.34103498499303,3.0,13.6598131520855,219.3,10.5,4.9,5.03030941882193,13.0,0.0113080124907867,135.0,2.50666666666666,-3.1706771082795604,167.9567,1.3,-32.9567,2.0,64.6811756714945,Matt Prater,11122
133,2495259.0,Dan Bailey,MIN,K,32.0,9.0,,128.449381718482,124.01799999999999,132.150673336462,3.7592494814269797,9.0,0.9002725253166519,3.0,8.13267333646201,246.4,14.5,2.9,3.1574832925695095,24.0,-0.901661612015971,137.0,4.75466666666667,-6.44981692390303,172.3133,1.065,-35.3133,1.0,128.449381718482,Dan Bailey,14322
134,2558178.0,Zane Gonzalez,ARI,K,,3.0,,127.59325099751001,114.3,142.192766043006,15.413923343661098,10.0,0.513140629641924,3.0,27.8927660430063,226.4,10.9,5.4,6.24484483706887,5.0,-1.75779233298849,138.0,-4.96333333333332,3.59227578264125,157.295,1.08,-19.295,1.0,127.59325099751001,Zane Gonzalez,3043234
135,2541556.0,Brandon McManus,DEN,K,29.0,6.0,,127.50496738882099,118.0,137.41320354430098,9.251987129143819,11.0,1.25269291166342,3.0,19.413203544300497,251.3,16.2,3.4,4.04758661070944,21.0,-1.84607594167676,139.0,-1.26333333333334,-1.18728671606453,174.73,1.0,-35.73,1.0,127.50496738882099,Brandon McManus,16339
136,2560747.0,Hayden Hurst,ATL,TE,27.0,2.0,,96.76401618225859,81.99399701937409,105.663278158164,11.433866768720698,11.0,1.49367556433654,5.0,23.669281138789998,103.8,10.7,3.0,3.4418903829300005,9.0,-1.90150410030215,140.0,-0.5618017883755471,-6.974502328296469,97.425,4.275,42.575,4.0,24.191004045564604,Hayden Hurst,3924365
140,2562383.0,Noah Fant,DEN,TE,50.0,1.0,,96.11619407711109,83.3657988077496,105.905935460072,10.375415834054401,12.0,3.84253241272535,5.0,22.540136652322,125.0,14.0,2.7,3.33905514820338,13.0,-2.54932620544965,144.0,0.810000000000002,-6.73184502638898,121.105,1.79,22.895,2.0,48.058097038555495,Noah Fant,4036131
141,2553112.0,Jason Myers,SEA,K,,,,126.65525334691401,110.7,133.747177753743,8.88932967558484,12.0,0.8846358766636229,3.0,23.0471777537431,253.5,15.2,3.6,4.18290958882804,19.0,-2.69578998358406,145.0,-8.56333333333333,-4.8533125066219,173.715,1.09,-28.715,1.0,126.65525334691401,Jason Myers,2473037
145,2543847.0,John Brown,BUF,WR,30.0,6.0,,118.218165920629,94.46299701937409,136.659355816068,19.2513544910769,37.0,1.18954588324398,8.0,42.196358796694206,99.6,41.6,5.9,3.5257207839209403,34.0,-3.3935585686637206,149.0,-5.54676489617486,-0.9693572020629521,118.4433,1.78,30.5567,2.0,59.109082960314595,John Brown,16804
146,2507232.0,Mason Crosby,GB,K,36.0,13.0,,125.849295607402,113.1,136.195501193788,10.845141645053301,13.0,0.22516573958449698,3.0,23.0955011937884,238.2,13.4,3.4,4.18495865466099,18.0,-3.5017477230962903,150.0,-6.163333333333339,-2.40498906657669,172.06,1.0,-22.06,1.0,125.849295607402,Mason Crosby,10636
147,2558250.0,Tarik Cohen,CHI,RB,25.0,3.0,,100.99787860549401,86.1563979135618,115.60895281949699,12.4228239696982,36.0,3.9687312616405803,9.0,29.452554905935003,127.3,44.2,4.0,3.2873998377205598,21.0,-3.50341908266611,151.0,0.7323328365623499,-0.12424956966430001,96.7667,3.32,54.2333,3.0,33.6659595351645,Tarik Cohen,3066158
149,2558172.0,Jake Elliott,PHI,K,25.0,3.0,,125.691939333099,117.4,132.337963372093,7.578163767880089,14.0,0.861533187983198,3.0,14.937963372093,228.1,9.9,3.2,3.73666513965958,23.0,-3.65910399739909,153.0,-1.86333333333334,-6.26252688827202,175.0267,1.5,-22.0267,2.0,62.8459696665495,Jake Elliott,3050478
152,2550545.0,Chris Boswell,PIT,K,31.0,6.0,,125.55632040253599,113.8,134.161071164661,9.003463761389481,15.0,1.7902050012772,3.0,20.3610711646607,,,,3.97446664070131,22.0,-3.79472292796247,156.0,-5.46333333333334,-4.4394190957043,175.44,1.1,-19.44,1.0,125.55632040253599,Chris Boswell,17372
156,2555415.0,Austin Hooper,CLE,TE,,4.0,,94.424487158733,80.08479880774959,102.949974595733,11.1795406584929,13.0,5.11228995117214,5.0,22.8651757879831,117.2,12.9,2.8,3.37333355977892,11.0,-4.24103312382775,160.0,-2.471,-9.687805890727839,123.2867,2.215,36.7133,2.0,47.2122435793665,Austin Hooper,3043275
158,2558846.0,Mike Williams,LAC,WR,26.0,3.0,,117.160532311595,97.9,130.576726969604,16.4281154241197,38.0,0.627557745286452,8.0,32.6767269696043,,,,,46.0,-4.451192177698269,162.0,-2.10976191554893,-7.051986048526911,104.3767,1.415,57.6233,2.0,58.5802661557973,Mike Williams,3045138
160,2562736.0,Darius Slayton,NYG,WR,,1.0,,116.896707763176,92.96199701937408,134.506866046852,22.410026681238104,39.0,2.12972103289073,8.0,41.544869027478,102.0,42.3,6.8,3.68203269566429,26.0,-4.715016726117139,164.0,-7.047764896174869,-3.12184697127918,114.1,1.5,49.9,2.0,58.4483538815879,Darius Slayton,3916945
161,2556521.0,Kaimi Fairbairn,HOU,K,26.0,4.0,,124.104491887696,110.20200000000001,134.71117080745302,9.48341735458444,16.0,1.5695935499099698,3.0,24.509170807453398,227.0,12.2,4.0,4.56732293437995,15.0,-5.246551442802099,165.0,-9.061333333333339,-3.88931945291162,167.4167,1.0,-2.4166999999999903,1.0,124.104491887696,Ka'imi Fairbairn,2971573
163,2560781.0,Christian Kirk,ARI,WR,24.0,2.0,,116.169241369441,103.56728872727301,127.24570415458099,12.7738905564411,40.0,3.33998769302252,8.0,23.678415427308,101.5,42.5,6.6,3.64729671527688,31.0,-5.44248311985231,167.0,3.55752681172379,-10.383008863550499,108.0367,2.12,58.9633,2.0,58.0846206847203,Christian Kirk,3895856
164,2553833.0,Josh Lambo,JAC,K,30.0,5.0,,123.42773891482099,117.59700000000001,129.573019036376,6.74002211157034,17.0,2.23322799457391,4.0,11.976019036375899,279.0,22.6,4.9,5.08044110464663,11.0,-5.92330441567724,168.0,-1.6663333333333399,-9.02747122398918,134.3,1.0,33.7,1.0,123.42773891482099,Josh Lambo,2998120
168,2507164.0,Adrian Peterson,WAS,RB,35.0,13.0,,97.4969198922887,73.04619970193741,114.701718275481,19.620767650896603,37.0,3.7091710078288003,9.0,41.6555185735437,125.1,43.6,8.1,4.6461548346715,4.0,-7.004377795871051,172.0,-12.377865375062099,-1.03148411368002,123.9467,1.995,48.0533,2.0,48.748459946144294,Adrian Peterson,10452
171,2562729.0,Austin Seibert,CLE,K,,1.0,,121.642057760751,111.0,125.057920930233,6.03638800018128,18.0,2.8011527923650403,4.0,14.0579209302326,281.4,19.8,2.1,2.68745828418356,26.0,-7.7089855697469005,175.0,-8.263333333333339,-13.542569330132501,132.6,1.0,42.4,1.0,121.642057760751,Austin Seibert,3821683
174,2543583.0,Devonta Freeman,FA,RB,28.0,6.0,,96.56137479541741,89.0,100.40787878787901,9.89949493661167,38.0,7.6945465442696,9.0,11.407878787878802,250.3,77.8,14.8,6.866559341884019,2.0,-7.93992289274235,178.0,3.5759349230005,-15.3253236012824,111.6567,1.44,66.3433,2.0,48.280687397708704,Devonta Freeman,16944
175,2562721.0,Deebo Samuel,SF,WR,50.0,1.0,,113.364732091129,72.75499701937409,146.360445210898,31.139719106033102,41.0,1.16992116680859,8.0,73.6054481915238,107.2,44.4,9.8,4.20307240147547,6.0,-8.24699239816343,179.0,-27.254764896174898,8.73173219276663,120.53,3.885,58.47,4.0,28.341183022782396,Deebo Samuel,3126486
176,2560994.0,Mike Gesicki,MIA,TE,25.0,2.0,,90.12283617003851,77.8,102.37878870968599,11.9026578677966,14.0,2.3669546548043,5.0,24.578788709686,121.4,13.7,4.2,3.8532313218364798,1.0,-8.54268411252225,180.0,-4.755798807749611,-10.2589917767746,122.3,1.86,57.7,2.0,45.061418085019206,Mike Gesicki,3116164
178,2560965.0,Mike Badgley,LAC,K,50.0,2.0,,120.74696407974301,108.68590087143,127.035707837331,7.42726634606212,19.0,4.671005244580201,4.0,18.3498069659006,232.3,13.7,4.8,5.0564029092899805,12.0,-8.60407925075539,182.0,-10.5774324619031,-11.564782423034101,169.6667,1.0,12.3333,1.0,120.74696407974301,Michael Badgley,3123052
180,79860.0,Matthew Stafford,DET,QB,32.0,11.0,,240.91904473924703,209.878597826087,262.254451266766,25.9279664106303,14.0,1.63467253534347,5.0,52.3758534406791,99.5,12.1,2.1,5.0919204010813495,10.0,-9.123609759490618,184.0,-14.493124396135302,-6.58399852775142,125.66,5.685,58.34,6.0,40.1531741232078,Matthew Stafford,12483
181,2532956.0,Ryan Tannehill,TEN,QB,32.0,8.0,,240.830831214621,227.42,255.329488226528,12.360569498531802,15.0,4.3635062015754,5.0,27.9094882265275,129.5,18.1,3.0,4.18693458809542,17.0,-9.21182328411643,185.0,3.0482777777777703,-13.5089615679899,134.56,3.67,50.44,4.0,60.207707803655204,Ryan Tannehill,14876
182,497322.0,Emmanuel Sanders,NO,WR,33.0,10.0,,112.293775261707,98.56199701937409,132.68106137395202,17.409374540569402,42.0,0.41951952578648405,8.0,34.1190643545778,111.9,46.6,7.0,3.7167686760517,20.0,-9.31794922758624,186.0,-1.44776489617486,-4.94765164417933,104.9133,2.2,81.0867,2.0,56.1468876308533,Emmanuel Sanders,13295
184,497326.0,Golden Tate,NYG,WR,32.0,10.0,,112.09584658693501,94.2,131.500758020433,17.991781913068603,43.0,0.574175001982283,8.0,37.3007580204333,131.8,51.9,6.9,3.699400685858,23.0,-9.515877902357811,188.0,-5.80976191554893,-6.1279549976979695,142.88,1.22,45.12,2.0,56.047923293467505,Golden Tate,13217
185,2562674.0,Diontae Johnson,PIT,WR,,1.0,,111.652664884905,94.92263064541771,127.556830387802,15.4756136320085,44.0,2.2333688993860097,8.0,32.6341997423847,101.3,42.7,7.5,3.8036086270202296,16.0,-9.959059604387631,189.0,-5.08713127013122,-10.0718826303289,111.6,1.7,77.4,2.0,55.8263324424526,Diontae Johnson,3932905
187,2559193.0,Blake Jarwin,DAL,TE,26.0,3.0,,88.5015582450832,80.2,97.461103202847,9.110813005408241,15.0,1.5616670098436,6.0,17.261103202847,144.5,17.4,3.1,3.47616879450554,7.0,-10.1639620374775,191.0,-2.35579880774962,-15.1766772836136,140.465,1.425,50.535,2.0,44.2507791225416,Blake Jarwin,2991767
188,2555295.0,Sterling Shepard,NYG,WR,,4.0,,111.390678285,97.430998509687,123.22774957225599,10.8216397535924,45.0,4.04838497927138,9.0,25.796751062568802,116.0,47.2,5.1,3.38677686237129,40.0,-10.2210462042926,192.0,-2.57876340586191,-14.400963445875401,122.8733,1.425,69.1267,2.0,55.6953391425002,Sterling Shepard,2976592
194,2562378.0,T.J. Hockenson,DET,TE,50.0,1.0,,87.01020478538521,65.1,101.945555738235,14.4368628079705,16.0,0.24561412740695202,6.0,36.8455557382353,,,,,18.0,-11.6553154971756,198.0,-17.455798807749602,-10.6922247482253,133.8633,1.705,64.1367,2.0,43.505102392692606,T.J. Hockenson,4036133
195,2558207.0,Jonnu Smith,TEN,TE,25.0,3.0,,86.86957768509409,75.1182362831778,96.3102211728138,10.213504316040302,17.0,0.289138456118692,6.0,21.191984889636103,130.3,14.6,3.2,3.51044720608108,5.0,-11.7959425974667,199.0,-7.43756252457187,-16.327559313646802,130.86,1.57,68.14,2.0,43.434788842547,Jonnu Smith,3054212
196,2543466.0,Eric Ebron,PIT,TE,27.0,6.0,,86.65960363086229,62.6,111.101545454545,23.033960216954004,18.0,1.5490241877117898,6.0,48.5015454545455,153.6,19.3,2.7,3.33905514820338,13.0,-12.005916651698401,200.0,-19.955798807749602,-1.5362350319151101,126.08,1.075,73.92,1.0,86.65960363086229,Eric Ebron,16732
197,2560995.0,Dallas Goedert,PHI,TE,26.0,2.0,,86.50127482708841,76.3076005961252,101.745236959762,11.632091444056801,19.0,4.19674275980709,6.0,25.437636363636397,138.0,16.4,3.3,3.54472561765662,3.0,-12.1642454554724,201.0,-6.24819821162444,-10.892543526698999,125.935,1.52,75.065,2.0,43.250637413544204,Dallas Goedert,3121023
198,2555334.0,Jared Goff,LAR,QB,26.0,4.0,,237.737913193185,224.70629589372,249.616251222057,10.9428949300421,16.0,5.78535487494449,5.0,24.909955328336803,126.6,17.2,2.8,3.9356487256401604,19.0,-12.304741305551698,202.0,0.334573671497566,-19.2221985724609,113.9,3.845,88.1,4.0,59.4344782982963,Jared Goff,3046779
207,2552461.0,Duke Johnson,HOU,RB,27.0,5.0,,91.0141229735023,68.3763994038748,106.986165098365,15.982263894107499,39.0,4.763660352984269,10.0,38.6097656944898,143.9,48.5,5.1,3.6519438612927697,14.0,-13.4871747146574,211.0,-17.0476656731247,-8.74703729079656,108.5333,1.42,102.4667,2.0,45.507061486751205,Duke Johnson,2969962
216,2552597.0,Breshad Perriman,NYJ,WR,27.0,5.0,,107.44791368603799,82.3,126.943277826222,20.101322641442,46.0,0.8727982712369742,9.0,44.6432778262218,141.2,55.0,8.6,3.994656519151,10.0,-14.1638108032547,221.0,-17.7097619155489,-10.6854351919094,152.43,1.3,68.57,2.0,53.7239568430191,Breshad Perriman,2972460
218,2560810.0,Anthony Miller,CHI,WR,26.0,2.0,,107.23667292542,92.2737118927932,118.133647008302,14.2136702523209,47.0,2.29689824112602,9.0,25.8599351155091,118.7,48.1,7.0,3.7167686760517,20.0,-14.3750515638731,223.0,-7.73605002275572,-19.495066009829,136.6067,1.37,86.3933,2.0,53.61833646270989,Anthony Miller,3050487
222,2560800.0,Baker Mayfield,CLE,QB,25.0,2.0,,235.196736832905,214.209597615499,253.666302241834,19.208523364240502,17.0,7.26618250548981,5.0,39.4567046263345,129.6,18.7,2.6,4.6726350713870195,14.0,-14.8459176658319,227.0,-10.162124606723,-15.172147552683699,106.2367,4.05,120.7633,4.0,58.7991842082263,Baker Mayfield,3052587
223,2540232.0,Jack Doyle,IND,TE,30.0,7.0,,83.7198840592127,69.5069970193741,94.57621762812191,14.530910691931501,20.0,2.92529452582421,6.0,25.069220608747802,154.3,19.9,2.8,3.37333355977892,11.0,-14.945636223348,228.0,-13.048801788375599,-18.0615628583387,139.99,1.26,88.01,2.0,41.8599420296064,Jack Doyle,16504
226,2552415.0,Jamison Crowder,NYJ,WR,27.0,5.0,,105.91355790418301,96.004102533532,111.44781919661699,6.2359054696747895,48.0,2.28368752347683,9.0,15.4437166630853,108.1,44.6,6.4,3.6125607348894704,32.0,-15.698166585110302,231.0,-4.00565938201689,-26.1808938215139,137.5233,1.915,93.4767,2.0,52.95677895209129,Jamison Crowder,2576716
232,2558066.0,Curtis Samuel,CAR,WR,24.0,3.0,,103.96599146440501,87.21699701937409,117.92249873521601,16.7133904923963,49.0,1.37612444219268,9.0,30.7055017158424,143.6,55.8,6.9,3.699400685858,23.0,-17.645733024888,237.0,-12.7927648961749,-19.7062142829148,128.95,1.205,108.05,2.0,51.9829957322024,Curtis Samuel,3121427
233,2560894.0,Ian Thomas,CAR,TE,24.0,2.0,,80.8891800753499,71.06199701937409,90.02975502649151,10.3369574098194,21.0,3.16489464922782,6.0,18.967758007117396,177.4,23.1,2.7,3.33905514820338,13.0,-17.776340207210897,238.0,-11.4938017883755,-22.608025459969102,152.555,1.045,85.445,1.0,80.8891800753499,Ian Thomas,4045305
234,2562682.0,Alexander Mattison,MIN,RB,,1.0,,86.7195335287932,71.2,102.528427120708,18.956105769712398,40.0,1.01045708344157,10.0,31.328427120707698,126.3,44.5,4.4,3.41996130083773,20.0,-17.7817641593665,239.0,-14.2240650769995,-13.2047752684534,120.78,3.07,118.22,3.0,28.906511176264402,Alexander Mattison,4048244
237,2560738.0,Chris Herndon,NYJ,TE,,2.0,,80.6999989914271,70.7,91.0244545454545,11.260103341668,22.0,6.9997039838628305,6.0,20.3244545454545,160.7,19.3,3.1,3.47616879450554,7.0,-17.9655212911336,242.0,-11.8557988077496,-21.613325941005996,147.475,1.23,94.525,2.0,40.349999495713604,Chris Herndon,3123050
239,2556462.0,Robby Anderson,CAR,WR,27.0,4.0,,103.29374929700701,77.8619970193741,128.91226149408502,22.600590545854896,50.0,3.78126156449166,9.0,51.0502644747107,145.8,56.3,7.0,3.7167686760517,20.0,-18.317975192286198,244.0,-22.1477648961749,-8.71645152404642,119.41,1.195,124.59,2.0,51.64687464850329,Robby Anderson,2574808
242,2560756.0,Justin Jackson,LAC,RB,25.0,2.0,,85.78139171224291,61.383798807749606,111.35179296157,21.5042701935394,41.0,3.54775093542324,10.0,49.9679941538206,161.1,54.4,7.8,4.546733737333629,5.0,-18.7199059759168,247.0,-24.040266269249898,-4.38140942759091,139.0133,1.355,107.9867,2.0,42.8906958561215,Justin Jackson,3116136
243,2561146.0,Boston Scott,PHI,RB,25.0,2.0,,85.63676117846029,79.56199701937409,92.07634138331541,5.27062781033099,42.0,7.05799270056671,10.0,12.514344363941401,148.6,50.0,8.2,4.6792952004508,3.0,-18.8645365096994,248.0,-5.86206805762542,-23.6568610058457,132.31,1.545,115.69,2.0,42.8183805892302,Boston Scott,3051439
248,2560787.0,Allen Lazard,GB,WR,25.0,2.0,,101.88598474741801,84.5283979135619,124.907122334915,21.6348658874579,51.0,4.77933229015072,9.0,40.378724421353,163.1,61.2,11.5,4.49832823476847,3.0,-19.7257397418752,253.0,-15.4813640019871,-12.7215906832164,128.5,1.3,124.5,2.0,50.942992373708805,Allen Lazard,3128390
255,2506109.0,Ben Roethlisberger,PIT,QB,38.0,16.0,,228.708379803577,200.02825,250.222706422508,22.663758699661496,18.0,1.5733054173132601,5.0,50.1944564225084,119.3,15.8,2.2,4.812076697261389,13.0,-21.334274695160502,263.0,-24.3434722222222,-18.6157433720091,122.5233,4.255,140.4767,4.0,57.1770949508942,Ben Roethlisberger,5536
264,2562299.0,Daniel Jones,NYG,QB,50.0,1.0,,227.152728851254,210.066587183308,246.45301032256,16.4113782667785,19.0,0.959156915287991,5.0,36.3864231392514,118.1,15.5,2.9,4.547058333099099,15.0,-22.889925647483,272.0,-14.3051350389138,-22.385439471957604,123.725,4.705,148.275,5.0,45.430545770250795,Daniel Jones,3917792
265,2532820.0,Kirk Cousins,MIN,QB,32.0,8.0,,227.117419921273,207.58479880775002,243.812169118309,14.3023123448996,20.0,4.00159851067039,5.0,36.227370310559,151.4,21.8,2.5,4.11861064588193,18.0,-22.9252345774646,273.0,-16.7869234144726,-25.026280676208803,145.2467,3.325,127.7533,3.0,75.7058066404242,Kirk Cousins,14880
276,2495700.0,Greg Olsen,SEA,TE,35.0,13.0,,74.74857186081691,69.76899999999999,77.53763636363641,3.2238873317009102,23.0,2.51114659155878,7.0,7.76863636363636,189.7,24.2,3.1,3.47616879450554,,-23.916948421743804,284.0,-12.7867988077496,-35.100144122824204,160.04,1.21,123.96,2.0,37.374285930408504,Greg Olsen,10475
280,2543457.0,Sammy Watkins,KC,WR,27.0,6.0,,97.1389907176124,81.50980363636359,114.34120758016701,14.9289488966481,52.0,1.28642106298875,10.0,32.831403943803004,159.1,60.3,6.4,3.6125607348894704,32.0,-24.4727337716805,288.0,-18.4999582791853,-23.2875054379646,128.2633,1.42,159.7367,2.0,48.5694953588062,Sammy Watkins,16725
281,2540243.0,Brett Maher,NYJ,K,50.0,3.0,,104.854403361345,93.0,114.11058220640601,12.7126057286433,29.0,15.466891062479998,6.0,21.1105822064057,293.1,23.5,5.2,5.8453261933172,9.0,-24.4966399691536,289.0,-26.2633333333333,-24.489908053959304,172.0,,117.0,1.0,104.854403361345,Brett Maher,16486
282,2562805.0,Preston Williams,MIA,WR,50.0,1.0,,97.0743141969215,53.4412574162679,119.327707925891,28.436907705246394,53.0,2.88288715408083,10.0,65.88645050962339,131.0,51.8,6.9,3.699400685858,23.0,-24.537410292371398,290.0,-46.568504499281,-18.301005092239897,131.9,1.1,158.1,1.0,97.0743141969215,Preston Williams,3915399
284,2562796.0,Gardner Minshew,JAC,QB,50.0,1.0,,225.26972395066002,214.54,234.351329160457,8.33000589870127,21.0,5.30974191160308,5.0,19.811329160457,162.4,22.3,3.3,3.93547588302046,20.0,-24.772930548077397,292.0,-9.831722222222231,-34.4871206340605,152.365,3.35,139.635,4.0,56.3174309876649,Gardner Minshew II,4038524
288,2507374.0,Steven Hauschka,BUF,K,,,,103.969612655174,32.793142718868,119.98326744186001,34.957282989818,30.0,31.9662670250483,6.0,87.1901247229925,276.0,19.6,3.2,6.09746914928437,7.0,-25.381430675323802,296.0,-86.4701906144653,-18.6172228185046,131.9,1.0,164.1,1.0,103.969612655174,Stephen Hauschka,11923
289,2562574.0,Darrell Henderson,LAR,RB,50.0,1.0,,78.83052037517909,40.923994038748106,100.19394772640601,22.7491516332448,43.0,0.887664960282152,10.0,59.2699536876581,129.2,44.7,5.6,3.81764569018922,11.0,-25.6707773129806,297.0,-44.5000710382514,-15.539254662754901,116.75,1.865,180.25,2.0,39.4152601875895,Darrell Henderson Jr.,4039359
291,2495438.0,Kyle Rudolph,MIN,TE,31.0,9.0,,72.65201815431159,65.1,80.0360854092527,6.77576300569034,24.0,1.5406389732929,7.0,14.936085409252698,227.7,28.0,3.4,3.5790040292321605,2.0,-26.0135021282491,299.0,-17.455798807749602,-32.6016950772079,168.69,1.35,130.31,2.0,36.326009077155796,Kyle Rudolph,14054
292,2558204.0,Jamaal Williams,GB,RB,,3.0,,78.32701658060809,55.1539970193741,99.07466605852,20.206292176088,44.0,1.7848462086383603,10.0,43.9206690391459,182.5,58.9,7.5,4.44731263999576,8.0,-26.174281107551604,300.0,-30.270068057625398,-16.658536330641198,155.095,1.085,144.905,1.0,78.32701658060809,Jamaal Williams,2980453
298,2562681.0,Dawson Knox,BUF,TE,50.0,1.0,,71.8228323842047,58.5,82.7130810231715,12.5888826122756,25.0,5.16643518212163,7.0,24.2130810231715,217.1,27.0,3.3,3.54472561765662,3.0,-26.842687898356104,306.0,-24.0557988077496,-29.924699463289105,219.62,,86.38,1.0,71.8228323842047,Dawson Knox,3930086
299,2562699.0,Tony Pollard,DAL,RB,,1.0,,77.5586942491858,55.6929955290611,94.9951308529442,17.9140135387666,45.0,2.8980743108612996,10.0,39.3021353238831,143.4,48.7,5.2,3.68508422707206,13.0,-26.942603438973897,307.0,-29.7310695479384,-20.738071536216896,111.6533,2.075,195.3467,2.0,38.7793471245929,Tony Pollard,3916148
300,1581.0,DeSean Jackson,PHI,WR,34.0,12.0,,94.63082511232581,62.6329250618725,113.635488764699,21.2873565573273,54.0,1.7398054613935,10.0,51.0025637028268,152.7,57.9,9.6,4.1683364210880605,8.0,-26.980899376967102,308.0,-37.3768368536765,-23.993224253432,141.5067,1.24,166.4933,2.0,47.315412556162904,DeSean Jackson,11283
308,2562580.0,Mecole Hardman,KC,WR,50.0,1.0,,93.75202897335551,66.8157973174367,105.79573761711399,15.6304015429478,55.0,2.44812260759464,10.0,38.9799402996769,125.0,51.0,8.4,3.95992053876359,12.0,-27.8596955159373,316.0,-33.1939645981123,-31.8329754010177,128.53,2.06,187.47,2.0,46.876014486677796,Mecole Hardman,4035004
311,2562744.0,Jace Sternberger,GB,TE,,1.0,,70.3999259778328,59.3619970193741,77.8251305960796,8.93611436021956,26.0,8.28092040813571,7.0,18.463133576705502,211.8,26.3,3.6,3.6475608523832403,,-28.265594304727898,319.0,-23.193801788375602,-34.812649890380996,195.58,1.14,123.42,2.0,35.1999629889164,Jace Sternberger,3917962
317,2560711.0,Chase Edmonds,ARI,RB,24.0,2.0,,75.52564649475359,60.6771982116244,93.09862908536371,14.158587414639001,46.0,2.37784980380594,11.0,32.4214308737393,154.6,51.9,5.8,3.88392642174781,10.0,-28.9756511934061,326.0,-24.7468668653751,-22.6345733037974,138.41,1.575,187.59,2.0,37.762823247376794,Chase Edmonds,3119195
318,2543801.0,Jimmy Garoppolo,SF,QB,29.0,6.0,,220.96191887054502,194.1,240.78474145454499,20.850358237568802,22.0,2.0225434078545,5.0,46.6847414545454,156.5,22.2,2.8,4.9467986026906905,11.0,-29.080735628192603,327.0,-30.271722222222298,-28.053708339972,146.14,3.485,180.86,4.0,55.2404797176361,Jimmy Garoppolo,16760
322,2562712.0,Hunter Renfrow,LVR,WR,50.0,1.0,,92.03001032850901,75.1619970193741,115.013320480931,22.194858538207303,56.0,1.58000020944574,10.0,39.851323461556795,201.8,72.4,9.9,4.22044039166917,5.0,-29.581714160783896,331.0,-24.847764896174898,-22.615392537200304,129.7,1.2,201.3,2.0,46.015005164254504,Hunter Renfrow,3135321
333,2560742.0,Nyheim Hines,IND,RB,24.0,2.0,,73.79559338189542,56.759001490313,81.14149259351579,10.287405306166699,47.0,4.6267105316538295,11.0,24.382491103202895,173.6,56.2,4.6,3.48624203239631,16.0,-30.705704306264302,342.0,-28.6650635866865,-34.5917097956453,152.35,1.46,189.65,2.0,36.89779669094771,Nyheim Hines,3916430
335,2553913.0,Tyrell Williams,LVR,WR,,,,90.5778024030128,72.132224,108.042868175044,15.2563382834105,57.0,0.7910240934404409,10.0,35.910644175044,197.1,71.1,6.8,3.68203269566429,26.0,-31.033922086280104,344.0,-27.877537915548896,-29.5858448430872,182.23,,161.77,1.0,90.5778024030128,Tyrell Williams,2587819
336,2543499.0,Derek Carr,LVR,QB,29.0,6.0,,218.958045207569,192.567600596125,238.35211714157998,19.722635894958398,23.0,3.4051349130583,6.0,45.7845165454545,195.9,27.2,2.2,4.51190743394382,16.0,-31.0846092911683,345.0,-31.804121626097,-30.486332652937797,155.8633,2.765,189.1367,3.0,72.98601506918959,Derek Carr,16757
337,2562305.0,Drew Lock,DEN,QB,50.0,1.0,,218.92070571781102,189.87938647343003,247.990641810439,24.0795567389857,24.0,10.525252023489198,6.0,58.1112553370086,164.0,24.0,2.8,5.276368702152871,9.0,-31.1219487809258,346.0,-34.4923357487923,-20.847807984078898,149.16,3.185,196.84,3.0,72.9735685726038,Drew Lock,3924327
340,2533039.0,Alshon Jeffery,PHI,WR,30.0,8.0,,90.32221783511369,41.63479731743671,118.55437642487499,29.995851551613804,58.0,1.55340246293677,10.0,76.919579107438,181.6,67.6,12.7,4.70674411709294,1.0,-31.289506654179203,349.0,-58.3749645981123,-19.0743365932565,131.7333,1.18,217.2667,2.0,45.1611089175568,Alshon Jeffery,14912
349,2562495.0,Parris Campbell,IND,WR,50.0,1.0,,89.25133878403099,65.149,115.34847127707701,24.3375746722048,59.0,1.58913580146546,10.0,50.19947127707729,182.6,66.2,6.8,3.68203269566429,26.0,-32.360385705261805,358.0,-34.8607619155489,-22.280241741054002,205.6,1.21,152.4,2.0,44.625669392015496,Parris Campbell,3121410
354,2557848.0,Corey Davis,TEN,WR,25.0,3.0,,88.2862919603228,75.268640994972,98.47081520119231,10.621811333444699,60.0,1.43925639534554,10.0,23.202174206220302,194.3,70.2,6.8,3.68203269566429,26.0,-33.325432528970104,363.0,-24.741120920576897,-39.157897816939,166.19,,196.81,1.0,88.2862919603228,Corey Davis,3042778
363,2535698.0,Cole Beasley,BUF,WR,31.0,8.0,,87.0381140048084,55.76359761549929,103.999866684731,18.847736043033,61.0,1.44703717111956,10.0,48.236269069231795,214.6,76.9,5.9,3.5257207839209403,34.0,-34.5736104844845,372.0,-44.246164300049706,-33.628846333400105,220.71,1.0,151.29,1.0,87.0381140048084,Cole Beasley,15349
368,2557895.0,Dede Westbrook,JAC,WR,27.0,3.0,,86.6559571251461,73.65175707898659,99.221947589932,11.19040262235,62.0,3.16305451942162,10.0,25.570190510945398,204.6,72.7,7.4,3.7862406368265296,17.0,-34.9557673641468,378.0,-26.3580048365623,-38.40676542819929,146.32,,231.68,1.0,86.6559571251461,Dede Westbrook,3892889
375,2562738.0,Irv Smith Jr.,MIN,TE,50.0,1.0,,62.9128684263332,40.3,83.22026974664679,16.8938201660314,27.0,1.71443221856722,7.0,42.920269746646795,200.4,25.4,3.2,3.51044720608108,5.0,-35.7526518562275,385.0,-42.2557988077496,-29.4175107398138,161.245,1.125,223.755,2.0,31.4564342131666,Irv Smith Jr.,4040980
385,2562659.0,N'Keal Harry,NE,WR,50.0,1.0,,84.5261965422315,50.3102786766021,96.365327585693,17.5519403408452,63.0,3.5090860989930697,10.0,46.0550489090909,151.5,57.3,7.8,3.8557125976013498,14.0,-37.085527947061294,395.0,-49.6994832389468,-41.2633854324382,159.3567,1.265,235.6433,2.0,42.2630982711158,N'Keal Harry,4047839
391,2540928.0,Darren Fells,HOU,TE,34.0,8.0,,61.325142713061,37.189,68.6967889908257,12.1752790337766,28.0,0.902203218414641,8.0,31.507788990825702,271.1,35.6,4.5,3.9560665565631004,,-37.3403775694997,401.0,-45.3667988077496,-43.9409914956349,226.58,,174.42,1.0,61.325142713061,Darren Fells,15773
395,2540148.0,Tyler Eifert,JAC,TE,30.0,7.0,,61.071729702470996,36.92,67.7658362989324,12.027693516296198,29.0,1.59052991217411,8.0,30.8458362989324,259.8,32.4,3.7,3.6818392639587794,,-37.5937905800897,405.0,-45.6357988077496,-44.8719441875282,226.15,,178.85,1.0,61.071729702470996,Tyler Eifert,15788
398,2506121.0,Philip Rivers,IND,QB,39.0,16.0,,212.18511487121003,179.29885748792302,235.707211543614,26.3383706017384,25.0,10.084177187900302,6.0,56.4083540556915,166.7,23.9,2.7,5.45360250125193,8.0,-37.8575396275274,408.0,-45.0728647342995,-33.1312382509033,135.2,3.48,272.8,4.0,53.0462787178024,Philip Rivers,5529
408,2557856.0,O.J. Howard,TB,TE,26.0,3.0,,59.7741492868217,47.31579880774961,70.69166061509279,9.88445663465437,30.0,1.58258541073754,8.0,23.375861807343195,209.3,26.2,3.5,3.6132824408077,,-38.891370995739,419.0,-35.24,-41.9461198713678,125.4067,1.15,293.5933,2.0,29.887074643410898,O.J. Howard,3043080
410,2560920.0,James Washington,PIT,WR,24.0,2.0,,82.4596086692174,41.0538002980626,113.70383588525101,31.6491016601551,64.0,3.2723025605876295,10.0,72.6500355871886,187.2,68.2,7.8,3.8557125976013498,14.0,-39.1521158200755,421.0,-58.955961617486295,-23.924877132880003,161.345,1.0,259.655,1.0,82.4596086692174,James Washington,3122449
431,2557889.0,Gerald Everett,LAR,TE,26.0,3.0,,57.1948774583964,46.5,65.60403669724771,8.26518497719424,32.0,2.15281659442685,8.0,19.104036697247697,232.7,29.1,4.1,3.8189529102609403,,-41.4706428241644,443.0,-36.0557988077496,-47.03374378921289,225.55,,217.45,1.0,57.1948774583964,Gerald Everett,3918639
437,2506106.0,Larry Fitzgerald,ARI,WR,37.0,16.0,,79.5746122172595,68.9385991058122,94.114780923994,11.3672800113336,65.0,1.0346605868223,11.0,25.1761818181818,194.7,70.6,6.7,3.66466470547058,30.0,-42.0371122720333,450.0,-31.0711628097367,-43.5139320941372,150.5667,1.225,299.4333,2.0,39.7873061086298,Larry Fitzgerald,5528
438,2561046.0,Will Dissly,SEA,TE,,2.0,,56.34612172793899,41.2036809815951,77.8396138909214,17.6577628668922,33.0,2.6081217279390096,8.0,36.63593290932629,228.5,28.4,4.2,3.8532313218364798,,-42.3193985546217,453.0,-41.3521178261545,-34.7981665955392,173.15,1.615,279.85,2.0,28.173060863969496,Will Dissly,3127292
440,2556885.0,Jalen Richard,LVR,RB,27.0,4.0,,62.0271625477452,50.8129880774963,71.6168824732264,11.1498789427264,51.0,2.4821195725611203,12.0,20.8038943957301,241.2,72.6,7.3,4.38103190843717,,-42.474135140414504,455.0,-34.6110769995032,-44.1163199159348,200.79,1.0,254.21,1.0,62.0271625477452,Jalen Richard,2972091
450,2495448.0,Randall Cobb,HOU,WR,30.0,9.0,,78.2799032608745,57.930998509687,94.5306241255548,14.943986415525599,67.0,2.20067878476053,11.0,36.599625615867794,205.0,72.7,7.1,3.7341366662454103,18.0,-43.3318212284184,465.0,-42.0787634058619,-43.0980888925764,213.74,1.07,251.26,1.0,78.2799032608745,Randall Cobb,14053
457,2540011.0,Chris Thompson,JAC,RB,30.0,7.0,,59.949986815766295,34.8249970193741,71.1784086288727,14.115226136685,53.0,1.0463171550222599,12.0,36.3534116094987,233.6,71.5,10.8,5.5409447107123695,,-44.5513108723934,473.0,-50.5990680576254,-44.5547937602884,192.69,1.0,280.31,1.0,59.949986815766295,Chris Thompson,3054970
465,2560835.0,Rashaad Penny,SEA,RB,24.0,2.0,,59.14009913460179,28.123397913561803,79.1317615499255,20.8113775457318,54.0,1.521111794532,12.0,51.008363636363605,207.2,65.6,10.4,5.408383247595201,,-45.3611985535579,481.0,-57.3006671634377,-36.6014408392357,149.805,1.07,331.195,1.0,59.14009913460179,Rashaad Penny,3139925
467,2561036.0,Sam Darnold,NYJ,QB,23.0,2.0,,204.605792517435,174.38,231.35694737880797,22.206612398050698,26.0,21.3665059059165,6.0,56.9769473788079,187.4,26.4,2.4,4.87201944458711,12.0,-45.436861981302606,483.0,-49.9917222222223,-37.4815024157095,162.7067,2.88,320.2933,3.0,68.2019308391448,Sam Darnold,3912547
471,2559924.0,Ito Smith,ATL,RB,25.0,2.0,,58.6672401868863,47.4619970193741,69.2502735725055,12.6213328969873,55.0,3.1600464639673596,12.0,21.7882765531314,235.4,70.8,7.0,4.281610811099299,,-45.834057501273406,488.0,-37.9620680576254,-46.4829288166557,185.57,1.0,302.43,1.0,58.6672401868863,Ito Smith,3123969
480,497236.0,Jimmy Graham,CHI,TE,34.0,10.0,,52.4416349056398,33.6,62.4575951334122,11.610462108451701,35.0,2.61219198301388,9.0,28.8575951334122,255.1,31.7,3.4,3.5790040292321605,,-46.2238853769209,498.0,-48.9557988077496,-50.1801853530484,230.3,,267.7,1.0,52.4416349056398,Jimmy Graham,13232
485,2557986.0,David Njoku,CLE,TE,24.0,3.0,,52.0944639886126,38.2429970193741,66.4499709302326,17.3944689350089,36.0,5.710447714856759,9.0,28.206973910858498,250.8,31.6,4.5,3.9560665565631004,,-46.5710562939481,504.0,-44.312801788375594,-46.187809556228,83.8,,420.2,1.0,52.0944639886126,David Njoku,3123076
489,2540202.0,Kenny Stills,HOU,WR,28.0,7.0,,74.40121739130441,46.5,94.86733096085409,21.6140890068122,70.0,4.10245592105994,11.0,48.367330960854105,213.6,76.3,9.2,4.09886446031323,9.0,-47.2105070979885,509.0,-53.5097619155489,-42.7613820572771,206.565,,302.435,1.0,74.40121739130441,Kenny Stills,16016
499,2540156.0,Giovani Bernard,CIN,RB,29.0,7.0,,56.5707344932533,54.71879880774961,57.319808191366995,1.12034510135111,56.0,2.58360635840374,12.0,2.6010093836174,211.4,66.3,5.8,3.88392642174781,,-47.9305631949064,520.0,-30.705266269249897,-58.413394197794105,217.26,1.0,302.74,1.0,56.5707344932533,Giovani Bernard,15826
518,2539265.0,Rex Burkhead,NE,RB,30.0,7.0,,54.44365295258449,42.1,67.91029021568309,12.658859528520999,57.0,1.9208302718638401,12.0,25.810290215683104,243.5,72.9,7.4,4.41417227421647,,-50.0576447355752,539.0,-43.3240650769995,-47.822912173478,226.31,1.17,312.69,2.0,27.2218264762923,Rex Burkhead,15971
523,2543465.0,Teddy Bridgewater,CAR,QB,28.0,6.0,,199.596082849184,135.537722181818,228.94789882903999,37.7160176980279,27.0,36.9516224471394,6.0,93.41017664722159,174.6,25.0,2.8,6.66809788591525,5.0,-50.4465716495529,544.0,-88.83400004040409,-39.89055096547771,152.315,3.41,391.685,4.0,49.899020712296,Teddy Bridgewater,16728
529,2543743.0,Carlos Hyde,SEA,RB,29.0,6.0,,53.530603317114604,24.112803278688503,62.6917575295463,14.5097490511634,58.0,2.32462572143044,12.0,38.5789542508578,184.5,58.6,8.7,4.84499702934725,,-50.970694371045106,550.0,-61.311261798311,-53.0414448596148,152.7367,1.48,397.2633,2.0,26.765301658557302,Carlos Hyde,16777
545,2552382.0,Malcolm Brown,LAR,RB,27.0,5.0,,51.515042044326805,19.9,65.46306195722201,18.3963177498366,59.0,0.6665854708061121,12.0,45.563061957222004,200.2,63.6,8.9,4.91127776090583,,-52.986255643832905,569.0,-65.5240650769995,-50.270140431939204,197.72,,371.28,1.0,51.515042044326805,Malcolm Brown,2570986
551,2562406.0,Bryce Love,WAS,RB,50.0,1.0,,50.8969131470415,27.5947540983607,72.75127310673821,24.1476273678931,60.0,0.450117319917759,12.0,45.1565190083776,243.9,72.7,12.2,6.0049098316224505,,-53.6043845411183,576.0,-57.8293109786388,-42.9819292824229,198.98,1.5,377.02,2.0,25.448456573520698,Bryce Love,3931398
552,2540269.0,C.J. Anderson,FA,RB,29.0,7.0,,50.8,50.8,50.8,,61.0,0.9492100299288639,13.0,0.0,333.1,103.4,6.7,4.182189713761431,,-53.701297688159706,577.0,-34.6240650769995,-64.93320238916121,156.8,,420.2,1.0,50.8,C.J. Anderson,16040
561,2533040.0,Mohamed Sanu,NE,WR,31.0,8.0,,67.05281022161489,46.061997019374104,78.4390564521014,15.6786392644111,73.0,0.310422240162296,12.0,32.3770594327273,228.8,81.8,8.2,3.92518455837617,,-54.5589142676779,586.0,-53.947764896174895,-59.1896565660299,199.09,1.33,386.91,2.0,33.5264051108075,Mohamed Sanu Sr.,14922
572,2560862.0,Jaylen Samuels,PIT,RB,24.0,2.0,,49.1070676093398,31.9,64.138404107054,15.288086198078899,64.0,1.28293182904452,13.0,32.238404107054,270.3,78.9,8.9,4.91127776090583,,-55.394230078819895,598.0,-53.524065076999506,-51.5947982821072,173.885,1.0,424.115,1.0,49.1070676093398,Jaylen Samuels,3116721
581,2560733.0,Royce Freeman,DEN,RB,24.0,2.0,,47.8293514592843,34.618997019374106,59.5686874223294,12.0914963963581,65.0,0.529382006216935,13.0,24.949690402955298,240.3,71.2,10.7,5.5078043449330805,,-56.6719462288754,608.0,-50.8050680576254,-56.1645149668317,108.4,,499.6,1.0,47.8293514592843,Royce Freeman,3122672
582,2543715.0,Jerick McKinnon,SF,RB,28.0,6.0,,47.8189201013063,35.368600596125205,62.4596907600596,17.1619105140057,66.0,1.3039446696216102,13.0,27.091090163934396,243.2,72.4,10.7,5.5078043449330805,,-56.6823775868534,609.0,-50.0554644808743,-53.2735116291015,166.725,1.285,442.275,2.0,23.9094600506531,Jerick McKinnon,16782
595,2540215.0,Vance McDonald,PIT,TE,30.0,7.0,,40.9691880141011,30.6,50.3994186046512,11.2421479884205,41.0,1.26739730424462,9.0,19.799418604651198,277.4,35.6,3.8,3.7161176755343197,,-57.6963322684597,622.0,-51.9557988077496,-62.238361881809396,77.8,,544.2,1.0,40.9691880141011,Vance McDonald,15853
596,2495469.0,Dion Lewis,NYG,RB,30.0,9.0,,46.7810188048285,23.756999999999998,56.9518787878788,14.040219395960698,67.0,0.787330636729649,13.0,33.1948787878788,268.9,78.4,6.5,4.11590898220284,,-57.720278883331204,623.0,-61.6670650769995,-58.781323601282395,185.605,1.0,437.395,1.0,46.7810188048285,Dion Lewis,14198
606,2555464.0,DeAndre Washington,KC,RB,27.0,4.0,,46.248932058540795,21.0,64.2656992084433,21.3531239010565,68.0,0.997129409104538,13.0,43.2656992084433,213.0,66.2,11.6,5.8060676369466995,,-58.252365629619,634.0,-64.4240650769995,-51.4675031807179,165.32,2.18,468.68,2.0,23.124466029270398,DeAndre Washington,2577654
607,2560878.0,Tre'Quan Smith,NO,WR,,2.0,,63.1915356347133,39.7,82.63690909090909,22.437779206101602,77.0,2.3885968592030498,12.0,42.9369090909091,240.1,86.2,8.0,3.89044857798876,13.0,-58.4201888545796,635.0,-60.3097619155489,-54.9918039272221,162.5,,472.5,1.0,63.1915356347133,Tre'Quan Smith,3128451
609,79607.0,LeSean McCoy,TB,RB,32.0,11.0,,45.738444277657,22.876602086438197,65.4452257997435,19.6559465017746,69.0,1.9459585957377,13.0,42.5686237133054,250.0,76.4,15.8,7.19796299967693,,-58.7628534105027,638.0,-62.54746299056129,-50.2879765894176,136.0333,1.22,501.9667,2.0,22.8692221388285,LeSean McCoy,12514
619,2550284.0,Trey Burton,IND,TE,29.0,6.0,,38.4877387300249,15.26,54.5764132781051,16.6057041367979,44.0,1.7122448891075,9.0,39.3164132781051,297.6,39.2,6.1,4.504521141771741,,-60.1777815525359,648.0,-67.2957988077496,-58.0613672083554,130.3,,517.7,1.0,38.4877387300249,Trey Burton,16974
620,2562631.0,Miles Boykin,BAL,WR,50.0,1.0,,61.3058775510204,42.0,79.719611627907,20.2473768484399,78.0,3.8733351960107005,12.0,37.719611627907,237.1,84.6,8.7,4.0120245093447,,-60.305846938272495,649.0,-58.0097619155489,-57.90910139022429,163.6,,485.4,1.0,61.3058775510204,Miles Boykin,3932423
629,2508061.0,Antonio Brown,FA,WR,32.0,10.0,,60.3,60.3,60.3,,79.0,6.09673396077976,13.0,0.0,276.0,98.7,13.3,4.81095205825518,,-61.3117244892929,659.0,-39.709761915548896,-77.3287130181312,112.47,1.695,546.53,2.0,30.15,Antonio Brown,13934
632,2562281.0,Damien Harris,NE,RB,50.0,1.0,,42.8198103426233,24.157994038748104,59.909879396025495,16.19195535389,71.0,2.34175575126658,13.0,35.751885357277295,174.6,56.4,10.0,5.2758217844780395,,-61.6814873455364,662.0,-61.2660710382514,-55.8233229931357,139.9,1.2,522.1,2.0,21.409905171311603,Damien Harris,3925347
646,2562832.0,Darwin Thompson,KC,RB,,1.0,,40.836908477129704,20.3,50.531167214478906,14.924830895982598,72.0,2.7720178469687404,13.0,30.231167214478898,258.8,76.4,8.2,4.6792952004508,,-63.664389211030006,679.0,-65.1240650769995,-65.2020351746823,79.5,,599.5,1.0,40.836908477129704,Darwin Thompson,4361606
666,2560907.0,Marquez Valdes-Scantling,GB,WR,26.0,2.0,,54.5650847100194,33.1614008941878,66.0171268572461,13.9213508160448,80.0,1.42120695880067,13.0,32.8557259630583,255.7,92.4,9.5,4.15096843089435,,-67.04663977927339,703.0,-66.8483610213612,-71.6115861608852,102.6,,600.4,1.0,54.5650847100194,Marquez Valdes-Scantling,3051738
667,2540160.0,Jordan Reed,SF,TE,30.0,7.0,,31.4341701818182,8.222000000000001,44.14171511627911,16.5099215566025,48.0,0.49062784104262,9.0,35.9197151162791,337.8,50.5,15.2,7.62385659514588,,-67.2313501007426,704.0,-74.3337988077496,-68.4960653701815,155.1,,548.9,1.0,31.4341701818182,Jordan Reed,15860
690,2562407.0,Justice Hill,BAL,RB,50.0,1.0,,35.4693821337849,12.0059970193741,51.839779162715104,17.3928045523882,75.0,1.4026137556992901,13.0,39.833782143341,234.0,70.7,11.8,5.87234836850528,,-69.0319155543748,729.0,-73.4180680576254,-63.8934232264461,118.8,,610.2,1.0,35.4693821337849,Justice Hill,4038441
707,2556466.0,Peyton Barber,WAS,RB,26.0,4.0,,33.64968937602939,10.2,56.15299944625689,25.5347434343927,77.0,2.9417465722654503,13.0,45.952999446257,260.9,76.8,11.4,5.7397869053881205,,-70.8516083121303,747.0,-75.22406507699951,-59.58020294290421,170.76,,576.24,1.0,33.64968937602939,Peyton Barber,3051902
763,2560836.0,Dante Pettis,SF,WR,25.0,2.0,,44.5184853070593,8.493,74.0745959040436,43.59627843143189,90.0,2.76594045997081,13.0,65.5815959040436,313.7,112.9,18.2,5.661983577746769,,-77.09323918223349,804.0,-91.5167619155489,-63.5541171140877,120.2,,683.8,1.0,44.5184853070593,Dante Pettis,3127306
810,2560967.0,Kalen Ballage,MIA,RB,,2.0,,22.365932495057997,7.0,33.3605169893576,15.3893381480988,83.0,0.452353508470843,14.0,26.3605169893576,323.8,99.2,11.1,5.64036580805024,,-82.1353651931017,853.0,-78.4240650769995,-82.3726853998035,127.5,,725.5,1.0,22.365932495057997,Kalen Ballage,3128774
826,2495240.0,Tyrod Taylor,LAC,QB,31.0,9.0,,166.882490373852,76.8538002980626,218.906362118954,58.57272268901529,28.0,13.371777292222,7.0,142.052561820891,237.6,29.4,3.5,9.16981683305591,1.0,-83.16016412488541,869.0,-147.51792192416,-49.9320876755634,218.2,2.79,650.8,3.0,55.6274967912839,Tyrod Taylor,14163
833,2559362.0,Dare Ogunbowale,TB,RB,,3.0,,20.8684632858417,10.2930029806259,25.8567675378605,7.15884561655058,90.0,0.820344103668749,14.0,15.563764557234599,288.2,84.1,9.1,4.9775584924644205,,-83.6328344023181,876.0,-75.1310620963736,-89.8764348513006,159.5,,716.5,1.0,20.8684632858417,Dare Ogunbowale,2983509
897,2552429.0,Ty Montgomery,NO,RB,27.0,5.0,,16.9070716456638,13.842,19.7730029488791,4.38828508472367,93.0,1.22684081368019,14.0,5.931002948879111,333.6,99.2,7.9,4.57987410311292,,-87.5942260424959,944.0,-71.5820650769995,-95.960199440282,157.3,,786.7,1.0,16.9070716456638,Ty Montgomery,2577134
923,2562660.0,Dwayne Haskins,WAS,QB,50.0,1.0,,158.406430430238,123.08,192.537126321797,34.2962336378112,29.0,22.5963702482712,7.0,69.45712632179651,236.8,29.7,1.7,5.73278317171275,7.0,-91.6362240684992,972.0,-101.291722222222,-76.30132347272101,236.16,2.44,735.84,3.0,52.802143476746,Dwayne Haskins Jr.,4040616
944,2553439.0,Mike Davis,CAR,RB,27.0,5.0,,10.3590703028443,1.0170000000000001,16.248519899855303,7.836878220052871,103.0,1.64060181979896,15.0,15.231519899855302,334.0,100.9,14.6,6.8002786103254405,,-94.1422273853154,996.0,-84.4070650769995,-99.4846824893058,206.38,,789.62,1.0,10.3590703028443,Mike Davis,3025433
976,2561029.0,Keke Coutee,HOU,WR,23.0,2.0,,23.040061633281997,13.876,28.454210397553503,12.860858136220902,118.0,0.7528331964185708,15.0,14.578210397553502,306.9,109.6,14.7,5.0541039209670595,,-98.57166285601092,1035.0,-86.1337619155489,-109.174502620578,149.0,,886.0,1.0,23.040061633281997,Keke Coutee,3915823
1003,2506581.0,Ryan Fitzpatrick,MIA,QB,38.0,15.0,,148.614995733022,109.350804172876,195.138536426411,44.426464911161794,30.0,26.2221946400356,7.0,85.7877322535348,261.4,31.5,1.8,6.81996803128561,4.0,-101.427658765716,1071.0,-115.02091804934601,-73.69991336810641,227.39,1.65,843.61,2.0,74.3074978665108,Ryan Fitzpatrick,8664
1161,2540011.0,Chris Thompson,JAC,WR,30.0,7.0,,0.0,0.81,0.81,,208.0,0.045,30.0,0.0,233.6,71.5,10.8,4.3767523034125295,,-121.611724489293,1276.0,-99.19976191554889,-136.818713018131,192.69,1.0,1083.31,1.0,0.0,Chris Thompson,3054970
1173,2532842.0,Nick Foles,CHI,QB,31.0,8.0,,123.005124630912,41.256393442623,163.522369173327,53.0712006095054,31.0,43.497970993148,7.0,122.265975730704,264.5,31.4,2.0,7.808843501298339,3.0,-127.03752986782499,1301.0,-183.115328779599,-105.31608062119,234.9,2.74,1066.1,3.0,41.001708210303896,Nick Foles,14877
1175,2558008.0,Mitchell Trubisky,CHI,QB,26.0,3.0,,121.78047755506,51.58,180.62690653433398,63.6539431348352,32.0,84.5466478345928,7.0,129.046906534334,304.2,34.0,2.0,8.888911978081419,2.0,-128.26217694367702,1303.0,-172.79172222222198,-88.2115432601834,189.545,1.75,1113.455,2.0,60.8902387775301,Mitchell Trubisky,3039707
1195,2555261.0,Jacoby Brissett,IND,QB,28.0,4.0,,23.2896982879323,-1.4619970193740701,46.61212047934689,26.0355791524685,36.0,4.04334212762672,8.0,48.074117498721,337.9,41.1,3.8,6.0089933487802005,,-226.75295621080502,1325.0,-225.833719241596,-222.226329315171,164.4,,1160.6,1.0,23.2896982879323,Jacoby Brissett,2578570
1197,2552033.0,Jameis Winston,NO,QB,26.0,5.0,,18.9303459650664,-2.0467958271237,43.9275086972572,30.587440778193802,38.0,0.749999562394734,9.0,45.97430452438089,323.6,38.4,3.5,6.31365542372177,,-231.11230853367098,1327.0,-226.418518049346,-224.91094109726,104.8,1.0,1222.2,1.0,18.9303459650664,Jameis Winston,2969939
0,,49ers D/ST,,dst,,,,124.08,,,,,,,,,,,,,,,,,86.5,,,,,49ers D/ST,sf
1,,Bears D/ST,,dst,,,,111.51,,,,,,,,,,,,,,,,,138.5,,,,,Bears D/ST,chi
2,,Bengals D/ST,,dst,,,,89.45,,,,,,,,,,,,,,,,,170.7,,,,,Bengals D/ST,cin
3,,Bills D/ST,,dst,,,,134.43,,,,,,,,,,,,,,,,,88.5,,,,,Bills D/ST,buf
4,,Broncos D/ST,,dst,,,,108.86,,,,,,,,,,,,,,,,,140.4,,,,,Broncos D/ST,den
5,,Browns D/ST,,dst,,,,87.93,,,,,,,,,,,,,,,,,169.9,,,,,Browns D/ST,cle
6,,Buccaneers D/ST,,dst,,,,108.48,,,,,,,,,,,,,,,,,159.0,,,,,Buccaneers D/ST,tb
7,,Cardinals D/ST,,dst,,,,69.74,,,,,,,,,,,,,,,,,169.8,,,,,Cardinals D/ST,ari
8,,Chargers D/ST,,dst,,,,107.07,,,,,,,,,,,,,,,,,162.9,,,,,Chargers D/ST,lac
9,,Chiefs D/ST,,dst,,,,82.5,,,,,,,,,,,,,,,,,163.6,,,,,Chiefs D/ST,kc
10,,Colts D/ST,,dst,,,,124.24,,,,,,,,,,,,,,,,,127.4,,,,,Colts D/ST,ind
11,,Cowboys D/ST,,dst,,,,111.95,,,,,,,,,,,,,,,,,160.5,,,,,Cowboys D/ST,dal
12,,Dolphins D/ST,,dst,,,,84.48,,,,,,,,,,,,,,,,,169.9,,,,,Dolphins D/ST,mia
13,,Eagles D/ST,,dst,,,,91.5,,,,,,,,,,,,,,,,,168.3,,,,,Eagles D/ST,phi
14,,Falcons D/ST,,dst,,,,58.82,,,,,,,,,,,,,,,,,169.8,,,,,Falcons D/ST,atl
15,,Giants D/ST,,dst,,,,51.43,,,,,,,,,,,,,,,,,169.7,,,,,Giants D/ST,nyg
16,,Jaguars D/ST,,dst,,,,66.69,,,,,,,,,,,,,,,,,169.9,,,,,Jaguars D/ST,jax
17,,Jets D/ST,,dst,,,,78.21,,,,,,,,,,,,,,,,,170.2,,,,,Jets D/ST,nyj
18,,Lions D/ST,,dst,,,,87.89,,,,,,,,,,,,,,,,,170.5,,,,,Lions D/ST,det
19,,Packers D/ST,,dst,,,,75.3,,,,,,,,,,,,,,,,,169.4,,,,,Packers D/ST,gb
20,,Panthers D/ST,,dst,,,,47.69,,,,,,,,,,,,,,,,,169.6,,,,,Panthers D/ST,car
21,,Patriots D/ST,,dst,,,,118.02,,,,,,,,,,,,,,,,,114.3,,,,,Patriots D/ST,ne
22,,Raiders D/ST,,dst,,,,71.54,,,,,,,,,,,,,,,,,169.8,,,,,Raiders D/ST,lv
23,,Rams D/ST,,dst,,,,90.97,,,,,,,,,,,,,,,,,168.6,,,,,Rams D/ST,lar
24,,Ravens D/ST,,dst,,,,121.08,,,,,,,,,,,,,,,,,99.3,,,,,Ravens D/ST,bal
25,,Saints D/ST,,dst,,,,108.77,,,,,,,,,,,,,,,,,140.5,,,,,Saints D/ST,no
26,,Seahawks D/ST,,dst,,,,94.05,,,,,,,,,,,,,,,,,160.2,,,,,Seahawks D/ST,sea
27,,Steelers D/ST,,dst,,,,129.8,,,,,,,,,,,,,,,,,85.9,,,,,Steelers D/ST,pit
28,,Texans D/ST,,dst,,,,75.66,,,,,,,,,,,,,,,,,169.8,,,,,Texans D/ST,hou
29,,Titans D/ST,,dst,,,,83.14,,,,,,,,,,,,,,,,,169.7,,,,,Titans D/ST,ten
30,,Vikings D/ST,,dst,,,,102.6,,,,,,,,,,,,,,,,,152.6,,,,,Vikings D/ST,min
31,,Washington D/ST,,dst,,,,57.94,,,,,,,,,,,,,,,,,169.5,,,,,Washington D/ST,wsh
